Well,SAMPLE,GENE,actb._C,actb.mean,actb.SD
H8,1,ACTB,20.69981384,20.69495392,0.00687432
D6,2,ACTB,19.5336647,19.56471634,0.043914992
F12,3,ACTB,18.15014839,18.19657898,0.065662764
C6,4,ACTB,20.52020454,20.62051773,0.141865611
C1,5,ACTB,15.4189949,18.20502663,3.940043926
C10,6,ACTB,20.74203682,20.83722305,0.134613663
C8,7,ACTB,20.55706406,20.62692261,0.098794907
D2,8,ACTB,21.09604073,21.10422134,0.011567793
H10,11,ACTB,18.66292381,18.65204239,0.015388657
H8,13,ACTB,18.33967781,18.33135223,0.011775493
F4,14,ACTB,21.54092979,21.53488922,0.008541312
G6,15,ACTB,20.1911087,20.16890335,0.031403109
F10,16,ACTB,19.9676342,19.96055222,0.010014092
G12,17,ACTB,19.71502495,19.62698746,0.124502465
H6,18,ACTB,18.4566021,18.46193314,0.007540577
B6,27,ACTB,21.17493248,21.25666428,0.115587562
C8,28,ACTB,20.81090164,20.74119186,0.098583162
F8,29,ACTB,22.0744381,22.19191742,0.166142196
B8,31,ACTB,20.11962318,20.11102676,0.012155825
D8,32,ACTB,20.71311569,20.78430367,0.100674994
E6,33,ACTB,20.55480957,20.5700016,0.021484777
E4,34,ACTB,23.05839729,23.07230759,0.019672126
F8,35,ACTB,21.25430679,21.23674393,0.024836294
F10,36,ACTB,20.84293747,20.87208557,0.04122299
A12,37,ACTB,21.2016964,21.2182312,0.023383746
E12,38,ACTB,21.54802704,21.47690964,0.100573845
G12,39,ACTB,20.19306564,20.16293144,0.042616196
G2,40,ACTB,21.86030197,21.80980682,0.071412273
B8,41,ACTB,19.86289597,19.87732697,0.020409863
G4,43,ACTB,20.60062218,20.59310913,0.010626401
B12,44,ACTB,20.08706856,20.07524109,0.016727915
F6,45,ACTB,21.57627296,21.6091423,0.046482917
F12,46,ACTB,20.2314167,20.3733139,0.200671598
C12,47,ACTB,22.38691902,22.35404968,0.046485614
H10,48,ACTB,19.46878815,19.53264236,0.090304852
F2,49,ACTB,19.65391922,19.81064224,0.221639827
G4,50,ACTB,21.58335304,21.59743881,0.019918937
C4,54,ACTB,22.59887314,22.67014503,0.100793682
D12,55,ACTB,21.69648743,21.55125809,0.205386654
A6,58,ACTB,24.36116028,24.36899185,0.011075517
B8,59,ACTB,22.57281876,22.51968765,0.075137377
B8,60,ACTB,23.0494442,23.08588409,0.051535144