,ID,Year.x,brain.region.hemisphere,brain.region,Count,Total.Area,Average.Size,X.Area,Mean,slide.info,X.1,X,Well.x,SAMPLE,GENE.x,ct,ct.mean,ct.sd,Well.y,GENE.y,actb._C,actb.mean,actb.SD,Year.y,Date,Time,Habitat,Location,Distance..m.,No..Broadcast.Songs,No..soft.songs,Wing.wave,Score.person,TRIAL,mal.agg.score.no.b.PC1,mal.agg.score.no.b.PC2,mal.agg.score.no.b.PC3,mass,fat,cp,head,bill.width,bill.depth,bill.length,tarsus,wing.chord,tail,Playback.exposure..mins.,Sacrifice.Time,Brain.on.Ice,delta.ct,delta.ctmean,dd.ct,RQ,NPY,NPY1R,NPY2R,NPY5R,npy.genes.Dim.1,npy.genes.Dim.2,npy.genes.Dim.3,npy.genes.Dim.4,male.aggression,agg.t,day,mean.cent.day,AGG.late.Dim.1,AGG.late.Dim.2,AGG.late.Dim.3
1,01SJL22,2022,right,IN,4448,6022263387,1353926.121,5.96,67.303,_B3_s1_right-1.tif,8,8,C4,38,NPY,23.50457,23.50592,0.001911107,E12,ACTB,21.54803,21.47691,0.10057384,2022,3/15/22,8:14,Rural,Stream,5.424658,36,0,0,SJL,Late,-0.53951341,0.58210423,-0.09871253,NA,NA,NA,NA,NA,NA,NA,NA,NA,NA,37,3120,3360,2.0290146,1.836385,0.1926294,0.8750095,0.1926294,0.95601735,1.4377667,2.602033,-0.11413004,0.3000889,-0.836956335,0.478189306,0.7604866,-0.273796801,74,-11.4782609,-0.495845,-0.1172968,-0.0703142
2,01SJL22,2022,right,PVN,1785,1997363840,1118971.339,1.977,66.012,_B3_s2_lePVN-1.tif,8,8,C4,38,NPY,23.50457,23.50592,0.001911107,E12,ACTB,21.54803,21.47691,0.10057384,2022,3/15/22,8:14,Rural,Stream,5.424658,36,0,0,SJL,Late,-0.53951341,0.58210423,-0.09871253,NA,NA,NA,NA,NA,NA,NA,NA,NA,NA,37,3120,3360,2.0290146,1.836385,0.1926294,0.8750095,0.1926294,0.95601735,1.4377667,2.602033,-0.11413004,0.3000889,-0.836956335,0.478189306,0.7604866,-0.273796801,74,-11.4782609,-0.495845,-0.1172968,-0.0703142
3,01SJL22,2022,left,IN,3481,4584304234,1316950.369,4.537,66.786,_B3_s1_leIN-1.tif,8,8,C4,38,NPY,23.50457,23.50592,0.001911107,E12,ACTB,21.54803,21.47691,0.10057384,2022,3/15/22,8:14,Rural,Stream,5.424658,36,0,0,SJL,Late,-0.53951341,0.58210423,-0.09871253,NA,NA,NA,NA,NA,NA,NA,NA,NA,NA,37,3120,3360,2.0290146,1.836385,0.1926294,0.8750095,0.1926294,0.95601735,1.4377667,2.602033,-0.11413004,0.3000889,-0.836956335,0.478189306,0.7604866,-0.273796801,74,-11.4782609,-0.495845,-0.1172968,-0.0703142
4,01SJL22,2022,left,PVN,1888,1910978482,1012170.806,1.891,66.162,_B3_s2_right-1.tif,8,8,C4,38,NPY,23.50457,23.50592,0.001911107,E12,ACTB,21.54803,21.47691,0.10057384,2022,3/15/22,8:14,Rural,Stream,5.424658,36,0,0,SJL,Late,-0.53951341,0.58210423,-0.09871253,NA,NA,NA,NA,NA,NA,NA,NA,NA,NA,37,3120,3360,2.0290146,1.836385,0.1926294,0.8750095,0.1926294,0.95601735,1.4377667,2.602033,-0.11413004,0.3000889,-0.836956335,0.478189306,0.7604866,-0.273796801,74,-11.4782609,-0.495845,-0.1172968,-0.0703142
5,02TEF22,2022,right,PVN,1658,1653292505,997160.739,1.636,64.593,_B3_s2_right-1.tif,22,22,G12,59,NPY,24.19613,24.17207,0.034037121,B8,ACTB,22.57282,22.51969,0.07513738,2022,3/19/22,8:00,Urban,South VT,6.657534,28,0,0,TEF,Late,-0.71493361,0.32520017,-0.0227466,20,1,3.11,21.86,4.78,5.25,7.94,20.86,63.97,63.63,47,1140,1500,1.6523781,1.836385,-0.1840071,1.1360349,-0.1840071,-3.61062922,-2.2621444,1.455255,-3.19275952,-0.510116,0.105151073,0.018433754,0.5850664,-0.536029951,78,-7.4782609,-0.6852112,0.2617115,0.0196839
6,02TEF22,2022,left,PVN,1937,1818292737,938715.92,1.799,66.793,_B3_s2_lePVN-1.tif,22,22,G12,59,NPY,24.19613,24.17207,0.034037121,B8,ACTB,22.57282,22.51969,0.07513738,2022,3/19/22,8:00,Urban,South VT,6.657534,28,0,0,TEF,Late,-0.71493361,0.32520017,-0.0227466,20,1,3.11,21.86,4.78,5.25,7.94,20.86,63.97,63.63,47,1140,1500,1.6523781,1.836385,-0.1840071,1.1360349,-0.1840071,-3.61062922,-2.2621444,1.455255,-3.19275952,-0.510116,0.105151073,0.018433754,0.5850664,-0.536029951,78,-7.4782609,-0.6852112,0.2617115,0.0196839
7,02TEF22,2022,left,IN,2467,2556348494,1036217.468,2.53,66.278,_B3_s2_leIN-1.tif,22,22,G12,59,NPY,24.19613,24.17207,0.034037121,B8,ACTB,22.57282,22.51969,0.07513738,2022,3/19/22,8:00,Urban,South VT,6.657534,28,0,0,TEF,Late,-0.71493361,0.32520017,-0.0227466,20,1,3.11,21.86,4.78,5.25,7.94,20.86,63.97,63.63,47,1140,1500,1.6523781,1.836385,-0.1840071,1.1360349,-0.1840071,-3.61062922,-2.2621444,1.455255,-3.19275952,-0.510116,0.105151073,0.018433754,0.5850664,-0.536029951,78,-7.4782609,-0.6852112,0.2617115,0.0196839
8,02TEF22,2022,right,IN,2870,3420622081,1191854.384,3.385,66.727,_B3_s2_right-1.tif,22,22,G12,59,NPY,24.19613,24.17207,0.034037121,B8,ACTB,22.57282,22.51969,0.07513738,2022,3/19/22,8:00,Urban,South VT,6.657534,28,0,0,TEF,Late,-0.71493361,0.32520017,-0.0227466,20,1,3.11,21.86,4.78,5.25,7.94,20.86,63.97,63.63,47,1140,1500,1.6523781,1.836385,-0.1840071,1.1360349,-0.1840071,-3.61062922,-2.2621444,1.455255,-3.19275952,-0.510116,0.105151073,0.018433754,0.5850664,-0.536029951,78,-7.4782609,-0.6852112,0.2617115,0.0196839
9,05SJL22,2022,right,PVN,2099,1922879221,916093.007,1.903,68.463,_B4_s1_right-1.tif,5,5,D4,35,NPY,23.70158,23.55954,0.200871199,F8,ACTB,21.25431,21.23674,0.02483629,2022,3/22/22,7:55,Rural,Kentland,1.493151,25,0,1,SJL,Late,0.11156731,1.37350225,-0.22339218,20.5,0,3.01,24.59,6.02,6.55,8.7,21.59,66.94,68.46,36,2940,3420,2.3227997,1.836385,0.4864145,0.7137969,0.4864145,1.48130117,1.1327359,3.938955,0.54543423,0.725794,-0.287848457,-0.264694871,1.4115673,0.344700654,81,-4.4782609,0.2054917,-1.252801,-0.4601196
10,05SJL22,2022,left,IN,2337,2593170783,1109615.226,2.566,67.35,_B4_s1_leIN-1.tif,5,5,D4,35,NPY,23.70158,23.55954,0.200871199,F8,ACTB,21.25431,21.23674,0.02483629,2022,3/22/22,7:55,Rural,Kentland,1.493151,25,0,1,SJL,Late,0.11156731,1.37350225,-0.22339218,20.5,0,3.01,24.59,6.02,6.55,8.7,21.59,66.94,68.46,36,2940,3420,2.3227997,1.836385,0.4864145,0.7137969,0.4864145,1.48130117,1.1327359,3.938955,0.54543423,0.725794,-0.287848457,-0.264694871,1.4115673,0.344700654,81,-4.4782609,0.2054917,-1.252801,-0.4601196
11,05SJL22,2022,left,PVN,1942,1952281043,1005294.049,1.932,68.136,_B4_s1_lePVN-1.tif,5,5,D4,35,NPY,23.70158,23.55954,0.200871199,F8,ACTB,21.25431,21.23674,0.02483629,2022,3/22/22,7:55,Rural,Kentland,1.493151,25,0,1,SJL,Late,0.11156731,1.37350225,-0.22339218,20.5,0,3.01,24.59,6.02,6.55,8.7,21.59,66.94,68.46,36,2940,3420,2.3227997,1.836385,0.4864145,0.7137969,0.4864145,1.48130117,1.1327359,3.938955,0.54543423,0.725794,-0.287848457,-0.264694871,1.4115673,0.344700654,81,-4.4782609,0.2054917,-1.252801,-0.4601196
12,05SJL22,2022,right,IN,2414,2514275889,1041539.308,2.488,67.498,_B4_s1_right-1.tif,5,5,D4,35,NPY,23.70158,23.55954,0.200871199,F8,ACTB,21.25431,21.23674,0.02483629,2022,3/22/22,7:55,Rural,Kentland,1.493151,25,0,1,SJL,Late,0.11156731,1.37350225,-0.22339218,20.5,0,3.01,24.59,6.02,6.55,8.7,21.59,66.94,68.46,36,2940,3420,2.3227997,1.836385,0.4864145,0.7137969,0.4864145,1.48130117,1.1327359,3.938955,0.54543423,0.725794,-0.287848457,-0.264694871,1.4115673,0.344700654,81,-4.4782609,0.2054917,-1.252801,-0.4601196
13,06TEF22,2022,left,IN,3276,5898495712,1800517.617,5.837,67.378,_B4_s3_leIN-1.tif,1,1,E4,31,NPY,22.55604,22.56342,0.01042949,B8,ACTB,20.11962,20.11103,0.01215583,2022,3/27/22,7:50,Urban,Radford,6.575342,35,0,0,TEF,Late,-0.70323894,0.34232711,-0.027811,NA,NA,NA,NA,NA,NA,NA,NA,NA,NA,71,420,720,2.4523888,1.836385,0.6160036,0.6524759,0.6160036,NA,1.1775223,3.805032,0.18167413,0.7435329,0.053434105,0.001591176,0.5967611,-0.51623848,86,0.5217391,-0.6725868,0.2364442,0.01368401
14,06TEF22,2022,left,PVN,2166,3033988113,1400733.201,3.002,66.907,_B4_s3_lePVN-1.tif,1,1,E4,31,NPY,22.55604,22.56342,0.01042949,B8,ACTB,20.11962,20.11103,0.01215583,2022,3/27/22,7:50,Urban,Radford,6.575342,35,0,0,TEF,Late,-0.70323894,0.34232711,-0.027811,NA,NA,NA,NA,NA,NA,NA,NA,NA,NA,71,420,720,2.4523888,1.836385,0.6160036,0.6524759,0.6160036,NA,1.1775223,3.805032,0.18167413,0.7435329,0.053434105,0.001591176,0.5967611,-0.51623848,86,0.5217391,-0.6725868,0.2364442,0.01368401
15,06TEF22,2022,right,IN,3704,5715574374,1543081.634,5.656,67.383,_B4_s3_right-1.tif,1,1,E4,31,NPY,22.55604,22.56342,0.01042949,B8,ACTB,20.11962,20.11103,0.01215583,2022,3/27/22,7:50,Urban,Radford,6.575342,35,0,0,TEF,Late,-0.70323894,0.34232711,-0.027811,NA,NA,NA,NA,NA,NA,NA,NA,NA,NA,71,420,720,2.4523888,1.836385,0.6160036,0.6524759,0.6160036,NA,1.1775223,3.805032,0.18167413,0.7435329,0.053434105,0.001591176,0.5967611,-0.51623848,86,0.5217391,-0.6725868,0.2364442,0.01368401
16,06TEF22,2022,right,PVN,2866,3846808505,1342222.088,3.807,66.587,_B4_s3_right-1.tif,1,1,E4,31,NPY,22.55604,22.56342,0.01042949,B8,ACTB,20.11962,20.11103,0.01215583,2022,3/27/22,7:50,Urban,Radford,6.575342,35,0,0,TEF,Late,-0.70323894,0.34232711,-0.027811,NA,NA,NA,NA,NA,NA,NA,NA,NA,NA,71,420,720,2.4523888,1.836385,0.6160036,0.6524759,0.6160036,NA,1.1775223,3.805032,0.18167413,0.7435329,0.053434105,0.001591176,0.5967611,-0.51623848,86,0.5217391,-0.6725868,0.2364442,0.01368401
17,07SJL22,2022,left,IN,1873,3206058780,1711723.855,3.173,66.202,_A5_S2_left-1.tif,15,15,F8,46,NPY,20.31708,20.0766,0.340090662,F12,ACTB,20.23142,20.37331,0.2006716,2022,3/26/22,7:55,Rural,Heritage,7.561644,22,0,0,SJL,Late,-0.8435751,0.13680386,0.03296175,19.5,0,2.93,23.02,5.17,6.05,8.73,20.35,64.05,68.68,42,3660,4200,-0.2967186,1.836385,-2.1331038,4.3866019,-2.1331038,0.11782919,1.8616215,5.080778,1.26497649,-1.9391924,0.650571779,-0.514185344,0.4564249,-0.784331105,85,-0.4782609,-0.8240799,0.5396512,0.08568258
18,07SJL22,2022,left,PVN,3754,8939414257,2381303.745,8.846,66.687,_A5_S2_left-1.tif,15,15,F8,46,NPY,20.31708,20.0766,0.340090662,F12,ACTB,20.23142,20.37331,0.2006716,2022,3/26/22,7:55,Rural,Heritage,7.561644,22,0,0,SJL,Late,-0.8435751,0.13680386,0.03296175,19.5,0,2.93,23.02,5.17,6.05,8.73,20.35,64.05,68.68,42,3660,4200,-0.2967186,1.836385,-2.1331038,4.3866019,-2.1331038,0.11782919,1.8616215,5.080778,1.26497649,-1.9391924,0.650571779,-0.514185344,0.4564249,-0.784331105,85,-0.4782609,-0.8240799,0.5396512,0.08568258
19,07SJL22,2022,right,IN,1609,2644063940,1643296.42,2.617,67.325,_A5_S2_right-1.tif,15,15,F8,46,NPY,20.31708,20.0766,0.340090662,F12,ACTB,20.23142,20.37331,0.2006716,2022,3/26/22,7:55,Rural,Heritage,7.561644,22,0,0,SJL,Late,-0.8435751,0.13680386,0.03296175,19.5,0,2.93,23.02,5.17,6.05,8.73,20.35,64.05,68.68,42,3660,4200,-0.2967186,1.836385,-2.1331038,4.3866019,-2.1331038,0.11782919,1.8616215,5.080778,1.26497649,-1.9391924,0.650571779,-0.514185344,0.4564249,-0.784331105,85,-0.4782609,-0.8240799,0.5396512,0.08568258
20,07SJL22,2022,right,PVN,2947,6709565996,2276744.485,6.64,67.805,_A5_S2_right-1.tif,15,15,F8,46,NPY,20.31708,20.0766,0.340090662,F12,ACTB,20.23142,20.37331,0.2006716,2022,3/26/22,7:55,Rural,Heritage,7.561644,22,0,0,SJL,Late,-0.8435751,0.13680386,0.03296175,19.5,0,2.93,23.02,5.17,6.05,8.73,20.35,64.05,68.68,42,3660,4200,-0.2967186,1.836385,-2.1331038,4.3866019,-2.1331038,0.11782919,1.8616215,5.080778,1.26497649,-1.9391924,0.650571779,-0.514185344,0.4564249,-0.784331105,85,-0.4782609,-0.8240799,0.5396512,0.08568258
21,09IJV22,2022,left,IN,883,949538872.4,1075355.461,0.94,68.279,_B3_s3_leIN-1.tif,23,23,H2,60,NPY,25.9956,26.07116,0.106856085,B8,ACTB,23.04944,23.08588,0.05153514,2022,4/1/22,9:50,Urban,North VT,NA,NA,NA,NA,NA,Late,NA,NA,NA,23,3,5.34,24.27,5.81,7.3,9.21,20.24,62,66.78,29,3120,3420,2.9852715,1.836385,1.1488863,0.4509732,1.1488863,NA,-2.7332462,1.4325,-3.36381148,0.8667651,-0.013723943,-0.10736034,NA,NA,91,5.5217391,-8.91E-17,2.84E-16,1.18E-16
22,09IJV22,2022,left,PVN,1314,1543665712,1174783.647,1.528,67.371,_B3_s3_lePVN-1.tif,23,23,H2,60,NPY,25.9956,26.07116,0.106856085,B8,ACTB,23.04944,23.08588,0.05153514,2022,4/1/22,9:50,Urban,North VT,NA,NA,NA,NA,NA,Late,NA,NA,NA,23,3,5.34,24.27,5.81,7.3,9.21,20.24,62,66.78,29,3120,3420,2.9852715,1.836385,1.1488863,0.4509732,1.1488863,NA,-2.7332462,1.4325,-3.36381148,0.8667651,-0.013723943,-0.10736034,NA,NA,91,5.5217391,-8.91E-17,2.84E-16,1.18E-16
23,09IJV22,2022,right,IN,1518,1546535886,1018798.344,1.53,68.05,_B3_s3_right-1.tif,23,23,H2,60,NPY,25.9956,26.07116,0.106856085,B8,ACTB,23.04944,23.08588,0.05153514,2022,4/1/22,9:50,Urban,North VT,NA,NA,NA,NA,NA,Late,NA,NA,NA,23,3,5.34,24.27,5.81,7.3,9.21,20.24,62,66.78,29,3120,3420,2.9852715,1.836385,1.1488863,0.4509732,1.1488863,NA,-2.7332462,1.4325,-3.36381148,0.8667651,-0.013723943,-0.10736034,NA,NA,91,5.5217391,-8.91E-17,2.84E-16,1.18E-16
24,09IJV22,2022,right,PVN,2565,3372809116,1314935.328,3.338,67.938,_B3_s3_right-1.tif,23,23,H2,60,NPY,25.9956,26.07116,0.106856085,B8,ACTB,23.04944,23.08588,0.05153514,2022,4/1/22,9:50,Urban,North VT,NA,NA,NA,NA,NA,Late,NA,NA,NA,23,3,5.34,24.27,5.81,7.3,9.21,20.24,62,66.78,29,3120,3420,2.9852715,1.836385,1.1488863,0.4509732,1.1488863,NA,-2.7332462,1.4325,-3.36381148,0.8667651,-0.013723943,-0.10736034,NA,NA,91,5.5217391,-8.91E-17,2.84E-16,1.18E-16
25,10IJV22,2022,left,IN,1514,2188895717,1445769.958,2.166,67.135,_C3_s3_leIN-1.tif,3,3,C6,33,NPY,21.6251,21.64794,0.03230539,E6,ACTB,20.55481,20.57,0.02148478,2022,4/2/22,7:50,Urban,South VT,3.917808,34,0,0,IJV,Late,-0.32511094,0.89609807,-0.19155978,20.4,1,5.65,24.1,5.98,6.52,7.68,21.3,62.91,69.75,NA,NA,NA,1.07794,1.836385,-0.7584452,1.6916665,-0.7584452,0.94606481,2.2976815,4.370086,1.14032539,-0.5537452,0.091384469,0.012149637,0.9748891,-0.025431599,92,6.5217391,-0.2643972,-0.5805296,-0.180312
26,10IJV22,2022,left,PVN,1868,2068558252,1107365.231,2.047,64.474,_C3_s3_lePVN-1.tif,3,3,C6,33,NPY,21.6251,21.64794,0.03230539,E6,ACTB,20.55481,20.57,0.02148478,2022,4/2/22,7:50,Urban,South VT,3.917808,34,0,0,IJV,Late,-0.32511094,0.89609807,-0.19155978,20.4,1,5.65,24.1,5.98,6.52,7.68,21.3,62.91,69.75,NA,NA,NA,1.07794,1.836385,-0.7584452,1.6916665,-0.7584452,0.94606481,2.2976815,4.370086,1.14032539,-0.5537452,0.091384469,0.012149637,0.9748891,-0.025431599,92,6.5217391,-0.2643972,-0.5805296,-0.180312
27,10IJV22,2022,right,IN,2350,3554610390,1512600.166,3.518,65.998,_C3_s3_right-1.tif,3,3,C6,33,NPY,21.6251,21.64794,0.03230539,E6,ACTB,20.55481,20.57,0.02148478,2022,4/2/22,7:50,Urban,South VT,3.917808,34,0,0,IJV,Late,-0.32511094,0.89609807,-0.19155978,20.4,1,5.65,24.1,5.98,6.52,7.68,21.3,62.91,69.75,NA,NA,NA,1.07794,1.836385,-0.7584452,1.6916665,-0.7584452,0.94606481,2.2976815,4.370086,1.14032539,-0.5537452,0.091384469,0.012149637,0.9748891,-0.025431599,92,6.5217391,-0.2643972,-0.5805296,-0.180312
28,10IJV22,2022,right,PVN,829,964519799.2,1163473.823,0.954,68.166,_C3_s3_right-1.tif,3,3,C6,33,NPY,21.6251,21.64794,0.03230539,E6,ACTB,20.55481,20.57,0.02148478,2022,4/2/22,7:50,Urban,South VT,3.917808,34,0,0,IJV,Late,-0.32511094,0.89609807,-0.19155978,20.4,1,5.65,24.1,5.98,6.52,7.68,21.3,62.91,69.75,NA,NA,NA,1.07794,1.836385,-0.7584452,1.6916665,-0.7584452,0.94606481,2.2976815,4.370086,1.14032539,-0.5537452,0.091384469,0.012149637,0.9748891,-0.025431599,92,6.5217391,-0.2643972,-0.5805296,-0.180312
29,10SJL22,2022,left,IN,2391,2428030541,1015487.47,2.403,69.272,_B3_s4_leIN-1.tif,6,6,D6,36,NPY,23.60734,23.49437,0.159765557,F10,ACTB,20.84294,20.87209,0.04122299,2022,4/1/22,7:31,Rural,Heritage,1.561644,22,1,1,SJL,Late,0.23068272,1.23266246,-0.34963619,21,0,4.42,20.65,5.66,6.2,8.13,20.98,67.43,59.2,34,3060,3420,2.6222839,1.836385,0.7858987,0.5799905,0.7858987,1.2745236,1.5025669,3.861866,0.5344191,0.9877546,-0.201451357,0.007546251,1.5306827,0.425713858,91,5.5217391,0.408308,-1.181641,-0.2172387
30,10SJL22,2022,left,PVN,1640,1448949836,883505.998,1.434,68.883,_B3_s4_lePVN-1.tif,6,6,D6,36,NPY,23.60734,23.49437,0.159765557,F10,ACTB,20.84294,20.87209,0.04122299,2022,4/1/22,7:31,Rural,Heritage,1.561644,22,1,1,SJL,Late,0.23068272,1.23266246,-0.34963619,21,0,4.42,20.65,5.66,6.2,8.13,20.98,67.43,59.2,34,3060,3420,2.6222839,1.836385,0.7858987,0.5799905,0.7858987,1.2745236,1.5025669,3.861866,0.5344191,0.9877546,-0.201451357,0.007546251,1.5306827,0.425713858,91,5.5217391,0.408308,-1.181641,-0.2172387
31,10SJL22,2022,right,IN,2333,2523236442,1081541.552,2.497,68.678,_B3_s4_right-1.tif,6,6,D6,36,NPY,23.60734,23.49437,0.159765557,F10,ACTB,20.84294,20.87209,0.04122299,2022,4/1/22,7:31,Rural,Heritage,1.561644,22,1,1,SJL,Late,0.23068272,1.23266246,-0.34963619,21,0,4.42,20.65,5.66,6.2,8.13,20.98,67.43,59.2,34,3060,3420,2.6222839,1.836385,0.7858987,0.5799905,0.7858987,1.2745236,1.5025669,3.861866,0.5344191,0.9877546,-0.201451357,0.007546251,1.5306827,0.425713858,91,5.5217391,0.408308,-1.181641,-0.2172387
32,10SJL22,2022,right,PVN,1546,1456720317,942251.176,1.442,68.683,_B3_s4_right-1.tif,6,6,D6,36,NPY,23.60734,23.49437,0.159765557,F10,ACTB,20.84294,20.87209,0.04122299,2022,4/1/22,7:31,Rural,Heritage,1.561644,22,1,1,SJL,Late,0.23068272,1.23266246,-0.34963619,21,0,4.42,20.65,5.66,6.2,8.13,20.98,67.43,59.2,34,3060,3420,2.6222839,1.836385,0.7858987,0.5799905,0.7858987,1.2745236,1.5025669,3.861866,0.5344191,0.9877546,-0.201451357,0.007546251,1.5306827,0.425713858,91,5.5217391,0.408308,-1.181641,-0.2172387
33,10TEF22,2022,left,IN,2758,6210295017,2251738.585,6.146,68.85,_B3_s4_leIN-1.tif,7,7,D8,37,NPY,20.79611,20.85025,0.076565653,A12,ACTB,21.2017,21.21823,0.02338375,2022,4/2/22,10:02,Rural,Stream,10.684932,11,0,2,TEF,Late,-1.10460257,-0.56970066,0.46054331,21.3,NA,NA,NA,NA,NA,NA,NA,NA,NA,NA,38400,38760,-0.367979,1.836385,-2.2043643,4.608714,-2.2043643,NA,2.3587185,4.048532,1.0930158,-2.029038,-0.106375452,0.040171586,0.1953974,-1.632719692,92,6.5217391,-1.108871,1.64603,0.1080555
34,10TEF22,2022,left,PVN,1429,1231096328,861508.977,1.218,68.117,_B3_s4_lePVN-1.tif,7,7,D8,37,NPY,20.79611,20.85025,0.076565653,A12,ACTB,21.2017,21.21823,0.02338375,2022,4/2/22,10:02,Rural,Stream,10.684932,11,0,2,TEF,Late,-1.10460257,-0.56970066,0.46054331,21.3,NA,NA,NA,NA,NA,NA,NA,NA,NA,NA,38400,38760,-0.367979,1.836385,-2.2043643,4.608714,-2.2043643,NA,2.3587185,4.048532,1.0930158,-2.029038,-0.106375452,0.040171586,0.1953974,-1.632719692,92,6.5217391,-1.108871,1.64603,0.1080555
35,10TEF22,2022,right,IN,1781,3605293566,2024308.572,3.568,68.396,_B3_s4_right-1.tif,7,7,D8,37,NPY,20.79611,20.85025,0.076565653,A12,ACTB,21.2017,21.21823,0.02338375,2022,4/2/22,10:02,Rural,Stream,10.684932,11,0,2,TEF,Late,-1.10460257,-0.56970066,0.46054331,21.3,NA,NA,NA,NA,NA,NA,NA,NA,NA,NA,38400,38760,-0.367979,1.836385,-2.2043643,4.608714,-2.2043643,NA,2.3587185,4.048532,1.0930158,-2.029038,-0.106375452,0.040171586,0.1953974,-1.632719692,92,6.5217391,-1.108871,1.64603,0.1080555
36,10TEF22,2022,right,PVN,1747,1525534584,873231.016,1.51,68.675,_B3_s4_right-1.tif,7,7,D8,37,NPY,20.79611,20.85025,0.076565653,A12,ACTB,21.2017,21.21823,0.02338375,2022,4/2/22,10:02,Rural,Stream,10.684932,11,0,2,TEF,Late,-1.10460257,-0.56970066,0.46054331,21.3,NA,NA,NA,NA,NA,NA,NA,NA,NA,NA,38400,38760,-0.367979,1.836385,-2.2043643,4.608714,-2.2043643,NA,2.3587185,4.048532,1.0930158,-2.029038,-0.106375452,0.040171586,0.1953974,-1.632719692,92,6.5217391,-1.108871,1.64603,0.1080555
37,11SJL22,2022,left,IN,2631,3719680622,1413789.67,3.681,63.81,_B4_S4_left-1.tif,12,12,D12,43,NPY,21.85676,21.77939,0.109409176,G4,ACTB,20.60062,20.59311,0.0106264,2022,4/2/22,7:17,Urban,Radford,4.684932,30,0,4,SJL,Late,-0.06752055,0.62488482,0.32597697,20.6,1,5.06,22.6,5.34,6.48,8.09,21.19,65.65,67.95,35,2820,3300,1.186285,1.836385,-0.6501002,1.5692772,-0.6501002,-2.01341738,1.3329235,4.042539,-0.21893866,-0.738686,1.036331656,0.232451757,1.2324795,0.209027953,92,6.5217391,0.007649066,-0.05225374,-0.535558
38,11SJL22,2022,left,PVN,2902,4656898732,1604720.445,4.608,65.607,_B4_S4_left-1.tif,12,12,D12,43,NPY,21.85676,21.77939,0.109409176,G4,ACTB,20.60062,20.59311,0.0106264,2022,4/2/22,7:17,Urban,Radford,4.684932,30,0,4,SJL,Late,-0.06752055,0.62488482,0.32597697,20.6,1,5.06,22.6,5.34,6.48,8.09,21.19,65.65,67.95,35,2820,3300,1.186285,1.836385,-0.6501002,1.5692772,-0.6501002,-2.01341738,1.3329235,4.042539,-0.21893866,-0.738686,1.036331656,0.232451757,1.2324795,0.209027953,92,6.5217391,0.007649066,-0.05225374,-0.535558
39,11SJL22,2022,right,IN,2517,3415651772,1357032.885,3.38,63.909,_B4_S4_right-1.tif,12,12,D12,43,NPY,21.85676,21.77939,0.109409176,G4,ACTB,20.60062,20.59311,0.0106264,2022,4/2/22,7:17,Urban,Radford,4.684932,30,0,4,SJL,Late,-0.06752055,0.62488482,0.32597697,20.6,1,5.06,22.6,5.34,6.48,8.09,21.19,65.65,67.95,35,2820,3300,1.186285,1.836385,-0.6501002,1.5692772,-0.6501002,-2.01341738,1.3329235,4.042539,-0.21893866,-0.738686,1.036331656,0.232451757,1.2324795,0.209027953,92,6.5217391,0.007649066,-0.05225374,-0.535558
40,11SJL22,2022,right,PVN,2804,4469987151,1594146.63,4.423,65.53,_B4_S4_right-1.tif,12,12,D12,43,NPY,21.85676,21.77939,0.109409176,G4,ACTB,20.60062,20.59311,0.0106264,2022,4/2/22,7:17,Urban,Radford,4.684932,30,0,4,SJL,Late,-0.06752055,0.62488482,0.32597697,20.6,1,5.06,22.6,5.34,6.48,8.09,21.19,65.65,67.95,35,2820,3300,1.186285,1.836385,-0.6501002,1.5692772,-0.6501002,-2.01341738,1.3329235,4.042539,-0.21893866,-0.738686,1.036331656,0.232451757,1.2324795,0.209027953,92,6.5217391,0.007649066,-0.05225374,-0.535558