Well.x,SAMPLE,GENE.x,ct,ct.mean,ct.sd,Well.y,GENE.y,actb._C,actb.mean,actb.SD,ID,Year,Date,Time,Habitat,Location,Distance..m.,No..Broadcast.Songs,No..soft.songs,Wing.wave,Score.person,TRIAL,mal.agg.score.no.b.PC1,mal.agg.score.no.b.PC2,mal.agg.score.no.b.PC3,mass,fat,cp,head,bill.width,bill.depth,bill.length,tarsus,wing.chord,tail,Playback.exposure..mins.,Sacrifice.Time,Brain.on.Ice,delta.ct,delta.ctmean,dd.ct,RQ
D10,1,NPY,21.97762299,21.92843246,0.0695659,H8,ACTB,20.69981384,20.69495392,0.00687432,SOSP01,2021,3/13/21,NA,Urban,NVT,NA,NA,NA,NA,NA,NA,NA,NA,NA,NA,NA,NA,NA,NA,NA,NA,NA,NA,NA,NA,NA,10 mins,1.23347854,1.836385207,-0.602906667,1.518773432
A2,2,NPY,21.88918114,21.91082382,0.030608727,D6,ACTB,19.5336647,19.56471634,0.043914992,SOSP02,2021,3/13/21,7:15,Urban,NVT,NA,NA,NA,NA,NA,NA,NA,NA,NA,NA,NA,NA,NA,NA,NA,NA,NA,NA,NA,NA,NA,7:24,2.34610748,1.836385207,0.509722273,0.702357633
A12,3,NPY,20.10489464,20.12520981,0.028728642,F12,ACTB,18.15014839,18.19657898,0.065662764,SOSP03,2021,3/13/21,8:08,Urban,SVT,NA,NA,NA,NA,NA,NA,NA,NA,NA,NA,NA,NA,NA,NA,NA,NA,NA,NA,NA,NA,NA,8:15,1.92863083,1.836385207,0.092245623,0.938061475
A4,4,NPY,18.80066299,18.68087006,0.169414148,C6,ACTB,20.52020454,20.62051773,0.141865611,SOSP04,2021,3/13/21,8:40,Urban,SVT,NA,NA,NA,NA,NA,NA,NA,NA,NA,NA,NA,NA,NA,NA,NA,NA,NA,NA,NA,4,8:44,8:50,-1.93964767,1.836385207,-3.776032877,13.69932474
B6,6,NPY,22.52500725,22.54304886,0.025516039,C10,ACTB,20.74203682,20.83722305,0.134613663,SOSP06,2021,3/14/21,7:54,Rural,Stream,NA,NA,NA,NA,NA,NA,NA,NA,NA,NA,NA,NA,NA,NA,NA,NA,NA,NA,NA,3,7:57,8:00,1.70582581,1.836385207,-0.130559397,1.09471809
B8,7,NPY,21.45040131,21.44886017,0.002178149,C8,ACTB,20.55706406,20.62692261,0.098794907,SOSP07,2021,3/14/21,8:07,Rural,Stream,NA,NA,NA,NA,NA,NA,NA,NA,NA,NA,NA,NA,NA,NA,NA,NA,NA,NA,NA,3,8:10,8:17,0.82193756,1.836385207,-1.014447647,2.020129315
B10,8,NPY,23.03571129,23.06864166,0.04657058,D2,ACTB,21.09604073,21.10422134,0.011567793,SOSP08,2021,3/14/21,9:08,Rural,Stream,NA,NA,NA,NA,NA,NA,NA,NA,NA,NA,NA,NA,NA,NA,NA,NA,NA,NA,NA,2,9:10,9:15,1.96442032,1.836385207,0.128035113,0.915076896
E6,11,NPY,22.7529335,22.75770378,0.006746193,H10,ACTB,18.66292381,18.65204239,0.015388657,SOSP11,2021,3/16/21,9:45,Rural,Hert,NA,NA,NA,NA,NA,NA,NA,NA,NA,NA,NA,NA,NA,NA,NA,NA,NA,NA,NA,3,9:48,9:53,4.10566139,1.836385207,2.269276183,0.207433932
A10,13,NPY,21.4710865,21.56652451,0.134969726,H8,ACTB,18.33967781,18.33135223,0.011775493,SOSP13,2021,3/17/21,7:08,Rural,Kent,NA,NA,NA,NA,NA,NA,NA,NA,NA,NA,NA,NA,NA,NA,NA,NA,NA,NA,NA,3,7:11,7:16,3.23517228,1.836385207,1.398787073,0.379247855
F8,14,NPY,22.45337486,22.45941544,0.008542661,F4,ACTB,21.54092979,21.53488922,0.008541312,SOSP14,2021,3/17/21,7:19,Rural,Kent,NA,NA,NA,NA,NA,NA,NA,NA,NA,NA,NA,NA,NA,NA,NA,NA,NA,NA,NA,3,7:22,7:27,0.92452622,1.836385207,-0.911858987,1.881468306
C4,15,NPY,23.02119255,23.02551651,0.006115002,G6,ACTB,20.1911087,20.16890335,0.031403109,SOSP15,2021,3/17/21,7:44,Rural,Kent,NA,NA,NA,NA,NA,NA,NA,NA,NA,NA,NA,NA,NA,NA,NA,NA,NA,NA,NA,4,7:48,7:53,2.85661316,1.836385207,1.020227953,0.493038444
A4,16,NPY,22.45251656,22.48780441,0.049905915,F10,ACTB,19.9676342,19.96055222,0.010014092,SOSP16,2021,3/17/21,7:57,Rural,Kent,NA,NA,NA,NA,NA,NA,NA,NA,NA,NA,NA,NA,NA,NA,NA,NA,NA,NA,NA,3,8:00,8:05,2.52725219,1.836385207,0.690866983,0.619481463
G8,17,NPY,20.30593872,20.39437866,0.125072971,G12,ACTB,19.71502495,19.62698746,0.124502465,SOSP17,2021,3/17/21,8:21,Rural,Kent,NA,NA,NA,NA,NA,NA,NA,NA,NA,NA,NA,NA,NA,NA,NA,NA,NA,NA,NA,3,8:24,8:29,0.7673912,1.836385207,-1.068994007,2.09796994
F6,18,NPY,20.73348236,20.76738548,0.047946256,H6,ACTB,18.4566021,18.46193314,0.007540577,SOSP18,2021,3/20/21,7:33,Urban,Rad,NA,NA,NA,NA,NA,NA,NA,NA,NA,NA,NA,NA,NA,NA,NA,NA,NA,NA,NA,3,7:36,7:41,2.30545234,1.836385207,0.469067133,0.722431581
D12,27,NPY,22.03148079,22.0840435,0.074334905,B6,ACTB,21.17493248,21.25666428,0.115587562,SOSP27,2021,3/22/21,7:58,Rural,Stream,NA,NA,NA,NA,NA,NA,NA,NA,NA,NA,NA,NA,NA,NA,NA,NA,NA,NA,NA,5,8:03,8:06,0.82737922,1.836385207,-1.009005987,2.012523999
H4,28,NPY,21.2886734,21.20524979,0.117978804,C8,ACTB,20.81090164,20.74119186,0.098583162,SOSP28,2021,3/22/21,8:16,Rural,Stream,NA,NA,NA,NA,NA,NA,NA,NA,NA,NA,NA,NA,NA,NA,NA,NA,NA,NA,NA,3,8:19,8:21,0.46405793,1.836385207,-1.372327277,2.588878533
F4,29,NPY,24.93199921,24.88999939,0.059395362,F8,ACTB,22.0744381,22.19191742,0.166142196,SOSP29,2021,3/22/21,8:54,Urban,SVT,NA,NA,NA,NA,NA,NA,NA,NA,NA,NA,NA,NA,NA,NA,NA,NA,NA,NA,NA,2,8:56,8:58,2.69808197,1.836385207,0.861696763,0.55030496
E4,31,NPY,22.55603981,22.56341553,0.01042949,B8,ACTB,20.11962318,20.11102676,0.012155825,06TEF22,2022,3/27/22,7:30,Urban,Radford,10.931507,29,1,3,TEF,Early,-0.919140446,-0.775489278,0.462839416,NA,NA,NA,NA,NA,NA,NA,NA,NA,NA,71,420,720,2.45238877,1.836385207,0.616003563,0.652475863
E4,31,NPY,22.55603981,22.56341553,0.01042949,B8,ACTB,20.11962318,20.11102676,0.012155825,06TEF22,2022,3/27/22,7:50,Urban,Radford,6.575342,35,0,0,TEF,Late,-0.703238935,0.342327108,-0.027810995,NA,NA,NA,NA,NA,NA,NA,NA,NA,NA,71,420,720,2.45238877,1.836385207,0.616003563,0.652475863
E6,32,NPY,23.0138092,23.08392715,0.099163108,D8,ACTB,20.71311569,20.78430367,0.100674994,08SJL22,2022,3/25/22,9:06,Rural,Heritage,4.273973,23,0,0,SJL,Early,-0.375787892,0.821881345,-0.169614067,20.5,1,3.76,22.9,4.17,6.48,8.24,21.88,62.86,60.51,32,3300,3600,2.29962348,1.836385207,0.463238273,0.725356296
E6,32,NPY,23.0138092,23.08392715,0.099163108,D8,ACTB,20.71311569,20.78430367,0.100674994,08SJL22,2022,3/25/22,9:31,Rural,Heritage,6.39726,20,0,0,SJL,Late,-0.677900462,0.379435472,-0.038783851,20.5,1,3.76,22.9,4.17,6.48,8.24,21.88,62.86,60.51,32,3300,3600,2.29962348,1.836385207,0.463238273,0.725356296
C6,33,NPY,21.62509727,21.64794159,0.03230539,E6,ACTB,20.55480957,20.5700016,0.021484777,10IJV22,2022,4/2/22,7:21,Urban,South VT,2.493151,20,12,10,IJV,Early,2.340780459,-0.60424777,-0.669242103,20.4,1,5.65,24.1,5.98,6.52,7.68,21.3,62.91,69.75,NA,NA,NA,1.07793999,1.836385207,-0.758445217,1.691666544
C6,33,NPY,21.62509727,21.64794159,0.03230539,E6,ACTB,20.55480957,20.5700016,0.021484777,10IJV22,2022,4/2/22,7:50,Urban,South VT,3.917808,34,0,0,IJV,Late,-0.325110944,0.896098072,-0.191559781,20.4,1,5.65,24.1,5.98,6.52,7.68,21.3,62.91,69.75,NA,NA,NA,1.07793999,1.836385207,-0.758445217,1.691666544
E8,34,NPY,24.65077591,24.65267372,0.002683911,E4,ACTB,23.05839729,23.07230759,0.019672126,06SJL22,2022,3/26/22,10:00,Rural,Kentland,8.295775,4,0,0,SJL,Early,-0.948031101,-0.016172651,0.078196551,21,1,2.96,22.12,5.39,6.71,8.46,59.26,63.74,20.5,33,2700,3180,1.58036613,1.836385207,-0.256019077,1.194178978
E8,34,NPY,24.65077591,24.65267372,0.002683911,E4,ACTB,23.05839729,23.07230759,0.019672126,06SJL22,2022,3/22/22,10:23,Rural,Kentland,7.438356,29,0,0,SJL,Late,-0.826033076,0.16249427,0.025365158,21,1,2.96,22.12,5.39,6.71,8.46,59.26,63.74,20.5,33,2700,3180,1.58036613,1.836385207,-0.256019077,1.194178978
D4,35,NPY,23.70158195,23.55954361,0.200871199,F8,ACTB,21.25430679,21.23674393,0.024836294,05SJL22,2022,3/22/22,7:31,Rural,Kentland,2.694444,11,10,3,SJL,Early,1.412621064,-0.198174998,-1.21888119,20.5,0,3.01,24.59,6.02,6.55,8.7,21.59,66.94,68.46,36,2940,3420,2.32279968,1.836385207,0.486414473,0.713796893
D4,35,NPY,23.70158195,23.55954361,0.200871199,F8,ACTB,21.25430679,21.23674393,0.024836294,05SJL22,2022,3/22/22,7:55,Rural,Kentland,1.493151,25,0,1,SJL,Late,0.111567305,1.373502254,-0.223392182,20.5,0,3.01,24.59,6.02,6.55,8.7,21.59,66.94,68.46,36,2940,3420,2.32279968,1.836385207,0.486414473,0.713796893
D6,36,NPY,23.60733986,23.49436951,0.159765557,F10,ACTB,20.84293747,20.87208557,0.04122299,10SJL22,2022,4/1/22,7:06,Rural,Heritage,1.547945,6,1,7,SJL,Early,0.782742944,1.068474193,0.354923327,21,0,4.42,20.65,5.66,6.2,8.13,20.98,67.43,59.2,34,3060,3420,2.62228394,1.836385207,0.785898733,0.579990537
D6,36,NPY,23.60733986,23.49436951,0.159765557,F10,ACTB,20.84293747,20.87208557,0.04122299,10SJL22,2022,4/1/22,7:31,Rural,Heritage,1.561644,22,1,1,SJL,Late,0.230682718,1.23266246,-0.349636195,21,0,4.42,20.65,5.66,6.2,8.13,20.98,67.43,59.2,34,3060,3420,2.62228394,1.836385207,0.785898733,0.579990537
D8,37,NPY,20.79611206,20.85025215,0.076565653,A12,ACTB,21.2016964,21.2182312,0.023383746,10TEF22,2022,4/2/22,9:40,Rural,Stream,8.356164,17,1,3,TEF,Early,-0.552707135,-0.238845252,0.304155025,21.3,NA,NA,NA,NA,NA,NA,NA,NA,NA,NA,38400,38760,-0.36797905,1.836385207,-2.204364257,4.608714049
D8,37,NPY,20.79611206,20.85025215,0.076565653,A12,ACTB,21.2016964,21.2182312,0.023383746,10TEF22,2022,4/2/22,10:02,Rural,Stream,10.684932,11,0,2,TEF,Late,-1.104602571,-0.569700662,0.460543308,21.3,NA,NA,NA,NA,NA,NA,NA,NA,NA,NA,38400,38760,-0.36797905,1.836385207,-2.204364257,4.608714049
C4,38,NPY,23.50457382,23.50592422,0.001911107,E12,ACTB,21.54802704,21.47690964,0.100573845,01SJL22,2022,3/15/22,7:50,Rural,Stream,5.227848,31,0,1,SJL,Early,-0.419825144,0.595274471,0.006727964,NA,NA,NA,NA,NA,NA,NA,NA,NA,NA,37,3120,3360,2.02901458,1.836385207,0.192629373,0.875009525
C4,38,NPY,23.50457382,23.50592422,0.001911107,E12,ACTB,21.54802704,21.47690964,0.100573845,01SJL22,2022,3/15/22,8:14,Rural,Stream,5.424658,36,0,0,SJL,Late,-0.539513413,0.582104227,-0.098712531,NA,NA,NA,NA,NA,NA,NA,NA,NA,NA,37,3120,3360,2.02901458,1.836385207,0.192629373,0.875009525
E10,39,NPY,22.68840408,22.79555702,0.151537135,G12,ACTB,20.19306564,20.16293144,0.042616196,04IJV22,2022,3/27/22,7:17,Urban,Radford,2.945205,29,6,8,IJV,Early,1.319923467,0.116639073,-0.0937364,20.7,2,5.43,22.83,5.16,6.98,7.05,22.3,12.47,71.42,48,29520,600,2.63262558,1.836385207,0.796240373,0.575847869
E10,39,NPY,22.68840408,22.79555702,0.151537135,G12,ACTB,20.19306564,20.16293144,0.042616196,04IJV22,2022,3/27/22,7:42,Urban,Radford,2.260274,36,0,0,IJV,Late,-0.089268229,1.241491301,-0.293691756,20.7,2,5.43,22.83,5.16,6.98,7.05,22.3,12.47,71.42,48,29520,600,2.63262558,1.836385207,0.796240373,0.575847869
D10,40,NPY,22.26202393,22.46071625,0.280992031,G2,ACTB,21.86030197,21.80980682,0.071412273,12SJL22,2022,4/2/22,9:24,Urban,North VT,1.479452,28,1,34,SJL,Early,3.267988517,0.331054235,3.525019143,21.2,0,4.22,22.74,5.14,6.32,8.11,20.05,65.01,67.39,33,3060,3540,0.65090943,1.836385207,-1.185475777,2.274383877
D10,40,NPY,22.26202393,22.46071625,0.280992031,G2,ACTB,21.86030197,21.80980682,0.071412273,12SJL22,2022,4/2/22,9:48,Urban,North VT,3.684932,30,0,1,SJL,Late,-0.200290832,0.916783934,-0.088341637,21.2,0,4.22,22.74,5.14,6.32,8.11,20.05,65.01,67.39,33,3060,3540,0.65090943,1.836385207,-1.185475777,2.274383877
D4,41,NPY,21.9339447,21.92474365,0.013013599,B8,ACTB,19.86289597,19.87732697,0.020409863,11IJV22,2022,4/2/22,9:37,Urban,South VT,2.90411,24,3,5,IJV,Early,0.664132311,0.588425959,-0.057577363,20.5,1,4.09,24.12,6.61,7.44,8.73,24.01,60.69,62.87,37,3720,4140,2.04741668,1.836385207,0.211031473,0.863919341
D4,41,NPY,21.9339447,21.92474365,0.013013599,B8,ACTB,19.86289597,19.87732697,0.020409863,11IJV22,2022,4/2/22,10:02,Urban,South VT,3.726027,36,0,0,IJV,Late,-0.297823357,0.936060925,-0.203376704,20.5,1,4.09,24.12,6.61,7.44,8.73,24.01,60.69,62.87,37,3720,4140,2.04741668,1.836385207,0.211031473,0.863919341
D12,43,NPY,21.85675812,21.77939415,0.109409176,G4,ACTB,20.60062218,20.59310913,0.010626401,11SJL22,2022,4/2/22,6:53,Urban,Radford,1.876712,14,9,17,SJL,Early,2.683703918,-0.29097692,0.507138812,20.6,1,5.06,22.6,5.34,6.48,8.09,21.19,65.65,67.95,35,2820,3300,1.18628502,1.836385207,-0.650100187,1.56927717
D12,43,NPY,21.85675812,21.77939415,0.109409176,G4,ACTB,20.60062218,20.59310913,0.010626401,11SJL22,2022,4/2/22,7:17,Urban,Radford,4.684932,30,0,4,SJL,Late,-0.067520551,0.624884822,0.325976969,20.6,1,5.06,22.6,5.34,6.48,8.09,21.19,65.65,67.95,35,2820,3300,1.18628502,1.836385207,-0.650100187,1.56927717
F2,44,NPY,21.14189148,21.20466042,0.088768683,B12,ACTB,20.08706856,20.07524109,0.016727915,03IJV22,2022,3/25/22,9:03,Rural,Heritage,4.684932,14,1,1,IJV,Early,-0.213715127,0.581838854,-0.157189168,20.6,2,5.61,23.2,5.92,6.86,7.66,20.78,62.04,71.88,31,3480,3840,1.12941933,1.836385207,-0.706965877,1.632367483
F2,44,NPY,21.14189148,21.20466042,0.088768683,B12,ACTB,20.08706856,20.07524109,0.016727915,03IJV22,2022,3/25/22,9:28,Rural,Heritage,4.027397,34,0,0,IJV,Late,-0.340703851,0.873262156,-0.184807254,20.6,2,5.61,23.2,5.92,6.86,7.66,20.78,62.04,71.88,31,3480,3840,1.12941933,1.836385207,-0.706965877,1.632367483
D2,45,NPY,24.00632858,23.87820053,0.18120043,F6,ACTB,21.57627296,21.6091423,0.046482917,07IJV22,2022,3/29/22,9:20,Urban,North VT,7.479452,1,0,0,IJV,Early,-0.831880417,0.153930801,0.027897355,18.3,1,4.35,23.17,6.28,7.32,8.13,22.2,60.25,66.02,43,3300,3840,2.26905823,1.836385207,0.432673023,0.740887797
D2,45,NPY,24.00632858,23.87820053,0.18120043,F6,ACTB,21.57627296,21.6091423,0.046482917,07IJV22,2022,3/29/22,9:45,Urban,North VT,2.219178,6,10,0,IJV,Late,1.205188912,-0.015618693,-1.600867382,18.3,1,4.35,23.17,6.28,7.32,8.13,22.2,60.25,66.02,43,3300,3840,2.26905823,1.836385207,0.432673023,0.740887797
F8,46,NPY,20.31707573,20.07659531,0.340090662,F12,ACTB,20.2314167,20.3733139,0.200671598,07SJL22,2022,3/25/22,7:31,Rural,Heritage,1.835616,27,4,6,SJL,Early,1.036709318,0.656668334,-0.136311582,19.5,0,2.93,23.02,5.17,6.05,8.73,20.35,64.05,68.68,42,3660,4200,-0.29671859,1.836385207,-2.133103797,4.386601945
F8,46,NPY,20.31707573,20.07659531,0.340090662,F12,ACTB,20.2314167,20.3733139,0.200671598,07SJL22,2022,3/26/22,7:55,Rural,Heritage,7.561644,22,0,0,SJL,Late,-0.843575097,0.136803864,0.032961751,19.5,0,2.93,23.02,5.17,6.05,8.73,20.35,64.05,68.68,42,3660,4200,-0.29671859,1.836385207,-2.133103797,4.386601945
H8,47,NPY,22.87115288,22.8108902,0.085224301,C12,ACTB,22.38691902,22.35404968,0.046485614,02SJL22,2022,3/15/22,9:54,Rural,Stream,2.113924,37,1,8,SJL,Early,0.793897674,0.922696345,0.507364403,NA,NA,NA,NA,NA,NA,NA,NA,NA,NA,32,2820,3120,0.45684052,1.836385207,-1.379544687,2.601862437
H8,47,NPY,22.87115288,22.8108902,0.085224301,C12,ACTB,22.38691902,22.35404968,0.046485614,02SJL22,2022,3/16/22,10:18,Rural,Stream,1.876712,7,12,31,SJL,Late,4.353879454,-1.060445391,1.761687489,NA,NA,NA,NA,NA,NA,NA,NA,NA,NA,32,2820,3120,0.45684052,1.836385207,-1.379544687,2.601862437
H6,48,NPY,22.29379845,22.13890648,0.219050318,H10,ACTB,19.46878815,19.53264236,0.090304852,04TEF22,2022,3/22/22,8:13,Rural,Kentland,3.342466,24,6,21,TEF,Early,2.455306591,-0.328067095,1.459115952,21.5,1,4.77,24.42,5.27,5.72,8.7,23.05,62.16,64.47,47,1620,2040,2.60626412,1.836385207,0.769878913,0.586466695
H6,48,NPY,22.29379845,22.13890648,0.219050318,H10,ACTB,19.46878815,19.53264236,0.090304852,04TEF22,2022,3/23/22,8:46,Rural,Kentland,10,44,0,2,TEF,Late,-1.007146903,-0.426976186,0.418340012,21.5,1,4.77,24.42,5.27,5.72,8.7,23.05,62.16,64.47,47,1620,2040,2.60626412,1.836385207,0.769878913,0.586466695
F12,50,NPY,24.42573166,24.21345139,0.300209642,G4,ACTB,21.58335304,21.59743881,0.019918937,07TEF22,2022,3/28/22,8:01,Urban,North VT,2.534247,19,2,0,TEF,Late,0.129471465,0.931266819,-0.537739123,19.5,0,5.46,21.96,5.41,5.98,9.15,21.58,57.93,62.02,37,3480,3840,2.61601258,1.836385207,0.779627373,0.58251723
F12,50,NPY,24.42573166,24.21345139,0.300209642,G4,ACTB,21.58335304,21.59743881,0.019918937,07TEF22,2022,3/28/22,7:36,Urban,North VT,1.452055,8,12,4,TEF,Early,1.938801962,-0.220263811,-1.4387947,19.5,0,5.46,21.96,5.41,5.98,9.15,21.58,57.93,62.02,37,3480,3840,2.61601258,1.836385207,0.779627373,0.58251723
G4,54,NPY,24.92021179,24.91814423,0.002925328,C4,ACTB,22.59887314,22.67014503,0.100793682,05IJV22,2022,3/27/22,9:15,Urban,Radford,10.684932,6,0,0,IJV,Early,-1.287972942,-0.514019743,0.225408778,21,0,3.57,24.59,5.69,6.74,7.36,21.83,63.43,64,35,840,1140,2.2479992,1.836385207,0.411613993,0.751781859
G4,54,NPY,24.92021179,24.91814423,0.002925328,C4,ACTB,22.59887314,22.67014503,0.100793682,05IJV22,2022,3/27/22,9:39,Urban,Radford,7.780822,18,0,0,IJV,Late,-0.87476091,0.091132032,0.046466805,21,0,3.57,24.59,5.69,6.74,7.36,21.83,63.43,64,35,840,1140,2.2479992,1.836385207,0.411613993,0.751781859
G6,55,NPY,24.77576447,24.85145187,0.107036814,D12,ACTB,21.69648743,21.55125809,0.205386654,09SJL22,2022,3/27/22,7:10,Urban,Radford,5.630137,1,0,5,SJL,Early,-0.110324187,0.400084587,0.501784781,18.5,0,NA,25.58,4.9,6.85,8.58,21.09,63.37,67.92,33,2940,3420,3.30019378,1.836385207,1.463808573,0.362534809
G6,55,NPY,24.77576447,24.85145187,0.107036814,D12,ACTB,21.69648743,21.55125809,0.205386654,09SJL22,2022,3/27/22,7:34,Urban,Radford,1.958904,9,2,1,SJL,Late,0.303019411,1.023314918,-0.455622627,18.5,0,NA,25.58,4.9,6.85,8.58,21.09,63.37,67.92,33,2940,3420,3.30019378,1.836385207,1.463808573,0.362534809
F2,58,NPY,24.92734528,25.01655006,0.126154617,A6,ACTB,24.36116028,24.36899185,0.011075517,02IJV22,2022,3/22/22,9:29,Rural,Kentland,2.726027,0,2,3,IJV,Early,0.377239434,0.807782587,-0.173220407,19.5,2,3.92,21.86,5.59,6.83,8.5,21.3,63.12,74.28,NA,NA,NA,0.64755821,1.836385207,-1.188826997,2.279673159
F2,58,NPY,24.92734528,25.01655006,0.126154617,A6,ACTB,24.36116028,24.36899185,0.011075517,02IJV22,2022,3/22/22,9:54,Rural,Kentland,10.643836,32,0,0,IJV,Late,-1.282125602,-0.505456274,0.222876581,19.5,2,3.92,21.86,5.59,6.83,8.5,21.3,63.12,74.28,NA,NA,NA,0.64755821,1.836385207,-1.188826997,2.279673159
G12,59,NPY,24.19613457,24.17206573,0.034037121,B8,ACTB,22.57281876,22.51968765,0.075137377,02TEF22,2022,3/19/22,8:00,Urban,South VT,5.123288,26,1,0,TEF,Early,-0.36777194,0.518335649,-0.247746324,20,1,3.11,21.86,4.78,5.25,7.94,20.86,63.97,63.63,47,1140,1500,1.65237808,1.836385207,-0.184007127,1.136034877
G12,59,NPY,24.19613457,24.17206573,0.034037121,B8,ACTB,22.57281876,22.51968765,0.075137377,02TEF22,2022,3/19/22,8:00,Urban,South VT,6.657534,28,0,0,TEF,Late,-0.714933615,0.325200171,-0.022746599,20,1,3.11,21.86,4.78,5.25,7.94,20.86,63.97,63.63,47,1140,1500,1.65237808,1.836385207,-0.184007127,1.136034877
H2,60,NPY,25.99559593,26.07115555,0.106856085,B8,ACTB,23.0494442,23.08588409,0.051535144,09IJV22,2022,4/1/22,9:26,Urban,North VT,NA,NA,NA,NA,NA,Early,NA,NA,NA,23,3,5.34,24.27,5.81,7.3,9.21,20.24,62,66.78,29,3120,3420,2.98527146,1.836385207,1.148886253,0.450973244
H2,60,NPY,25.99559593,26.07115555,0.106856085,B8,ACTB,23.0494442,23.08588409,0.051535144,09IJV22,2022,4/1/22,9:50,Urban,North VT,NA,NA,NA,NA,NA,Late,NA,NA,NA,23,3,5.34,24.27,5.81,7.3,9.21,20.24,62,66.78,29,3120,3420,2.98527146,1.836385207,1.148886253,0.450973244
C10,1,NPY1R,24.3543911,24.56645203,0.299898088,H8,ACTB,20.69981384,20.69495392,0.00687432,SOSP01,2021,3/13/21,NA,Urban,NVT,NA,NA,NA,NA,NA,NA,NA,NA,NA,NA,NA,NA,NA,NA,NA,NA,NA,NA,NA,NA,NA,10 mins,3.87149811,5.140238897,-1.268740787,2.409511668
C12,2,NPY1R,24.94029999,24.85082245,0.126540348,D6,ACTB,19.5336647,19.56471634,0.043914992,SOSP02,2021,3/13/21,7:15,Urban,NVT,NA,NA,NA,NA,NA,NA,NA,NA,NA,NA,NA,NA,NA,NA,NA,NA,NA,NA,NA,NA,NA,7:24,5.28610611,5.140238897,0.145867213,0.903835913
D2,3,NPY1R,24.51590157,24.58003426,0.090697318,F12,ACTB,18.15014839,18.19657898,0.065662764,SOSP03,2021,3/13/21,8:08,Urban,SVT,NA,NA,NA,NA,NA,NA,NA,NA,NA,NA,NA,NA,NA,NA,NA,NA,NA,NA,NA,NA,NA,8:15,6.38345528,5.140238897,1.243216383,0.422429829
D4,4,NPY1R,24.80037689,24.64151573,0.2246636,C6,ACTB,20.52020454,20.62051773,0.141865611,SOSP04,2021,3/13/21,8:40,Urban,SVT,NA,NA,NA,NA,NA,NA,NA,NA,NA,NA,NA,NA,NA,NA,NA,NA,NA,NA,NA,4,8:44,8:50,4.020998,5.140238897,-1.119240897,2.172326411
D8,6,NPY1R,25.37918472,25.25598145,0.174235746,C10,ACTB,20.74203682,20.83722305,0.134613663,SOSP06,2021,3/14/21,7:54,Rural,Stream,NA,NA,NA,NA,NA,NA,NA,NA,NA,NA,NA,NA,NA,NA,NA,NA,NA,NA,NA,3,7:57,8:00,4.4187584,5.140238897,-0.721480497,1.648873244
D10,7,NPY1R,24.68883896,24.69216537,0.004705611,C8,ACTB,20.55706406,20.62692261,0.098794907,SOSP07,2021,3/14/21,8:07,Rural,Stream,NA,NA,NA,NA,NA,NA,NA,NA,NA,NA,NA,NA,NA,NA,NA,NA,NA,NA,NA,3,8:10,8:17,4.06524276,5.140238897,-1.074996137,2.106716431
D12,8,NPY1R,25.66209602,25.47239494,0.268277854,D2,ACTB,21.09604073,21.10422134,0.011567793,SOSP08,2021,3/14/21,9:08,Rural,Stream,NA,NA,NA,NA,NA,NA,NA,NA,NA,NA,NA,NA,NA,NA,NA,NA,NA,NA,NA,2,9:10,9:15,4.3681736,5.140238897,-0.772065297,1.707712719
C6,14,NPY1R,26.28504372,26.09867477,0.26356414,F4,ACTB,21.54092979,21.53488922,0.008541312,SOSP14,2021,3/17/21,7:19,Rural,Kent,NA,NA,NA,NA,NA,NA,NA,NA,NA,NA,NA,NA,NA,NA,NA,NA,NA,NA,NA,3,7:22,7:27,4.56378555,5.140238897,-0.576453347,1.491178896
C8,16,NPY1R,24.1909256,24.19013214,0.001123466,F10,ACTB,19.9676342,19.96055222,0.010014092,SOSP16,2021,3/17/21,7:57,Rural,Kent,NA,NA,NA,NA,NA,NA,NA,NA,NA,NA,NA,NA,NA,NA,NA,NA,NA,NA,NA,3,8:00,8:05,4.22957992,5.140238897,-0.910658977,1.879903983
A6,16,NPY1R,26.93914795,26.86880493,0.099481396,F10,ACTB,19.9676342,19.96055222,0.010014092,SOSP16,2021,3/17/21,7:57,Rural,Kent,NA,NA,NA,NA,NA,NA,NA,NA,NA,NA,NA,NA,NA,NA,NA,NA,NA,NA,NA,3,8:00,8:05,6.90825271,5.140238897,1.768013813,0.293612682
C4,18,NPY1R,24.35985374,24.24537659,0.161896497,H6,ACTB,18.4566021,18.46193314,0.007540577,SOSP18,2021,3/20/21,7:33,Urban,Rad,NA,NA,NA,NA,NA,NA,NA,NA,NA,NA,NA,NA,NA,NA,NA,NA,NA,NA,NA,3,7:36,7:41,5.78344345,5.140238897,0.643204553,0.640289141
A8,28,NPY1R,28.41856956,28.1690712,0.35284397,C8,ACTB,20.81090164,20.74119186,0.098583162,SOSP28,2021,3/22/21,8:16,Rural,Stream,NA,NA,NA,NA,NA,NA,NA,NA,NA,NA,NA,NA,NA,NA,NA,NA,NA,NA,NA,3,8:19,8:21,7.42787934,5.140238897,2.287640443,0.204810212
A10,32,NPY1R,25.81514359,25.86596298,0.071869478,D8,ACTB,20.71311569,20.78430367,0.100674994,08SJL22,2022,3/25/22,9:06,Rural,Heritage,4.273973,23,0,0,SJL,Early,-0.375787892,0.821881345,-0.169614067,20.5,1,3.76,22.9,4.17,6.48,8.24,21.88,62.86,60.51,32,3300,3600,5.08165931,5.140238897,-0.058579587,1.041439901
A10,32,NPY1R,25.81514359,25.86596298,0.071869478,D8,ACTB,20.71311569,20.78430367,0.100674994,08SJL22,2022,3/25/22,9:31,Rural,Heritage,6.39726,20,0,0,SJL,Late,-0.677900462,0.379435472,-0.038783851,20.5,1,3.76,22.9,4.17,6.48,8.24,21.88,62.86,60.51,32,3300,3600,5.08165931,5.140238897,-0.058579587,1.041439901
C8,33,NPY1R,26.6392231,26.65630531,0.024157899,E6,ACTB,20.55480957,20.5700016,0.021484777,10IJV22,2022,4/2/22,7:21,Urban,South VT,2.493151,20,12,10,IJV,Early,2.340780459,-0.60424777,-0.669242103,20.4,1,5.65,24.1,5.98,6.52,7.68,21.3,62.91,69.75,NA,NA,NA,6.08630371,5.140238897,0.946064813,0.519046317
C8,33,NPY1R,26.6392231,26.65630531,0.024157899,E6,ACTB,20.55480957,20.5700016,0.021484777,10IJV22,2022,4/2/22,7:50,Urban,South VT,3.917808,34,0,0,IJV,Late,-0.325110944,0.896098072,-0.191559781,20.4,1,5.65,24.1,5.98,6.52,7.68,21.3,62.91,69.75,NA,NA,NA,6.08630371,5.140238897,0.946064813,0.519046317
A12,35,NPY1R,27.83942032,27.858284,0.026678618,F8,ACTB,21.25430679,21.23674393,0.024836294,05SJL22,2022,3/22/22,7:31,Rural,Kentland,2.694444,11,10,3,SJL,Early,1.412621064,-0.198174998,-1.21888119,20.5,0,3.01,24.59,6.02,6.55,8.7,21.59,66.94,68.46,36,2940,3420,6.62154007,5.140238897,1.481301173,0.358165635
A12,35,NPY1R,27.83942032,27.858284,0.026678618,F8,ACTB,21.25430679,21.23674393,0.024836294,05SJL22,2022,3/22/22,7:55,Rural,Kentland,1.493151,25,0,1,SJL,Late,0.111567305,1.373502254,-0.223392182,20.5,0,3.01,24.59,6.02,6.55,8.7,21.59,66.94,68.46,36,2940,3420,6.62154007,5.140238897,1.481301173,0.358165635
B2,36,NPY1R,27.0948143,27.28684807,0.271576762,F10,ACTB,20.84293747,20.87208557,0.04122299,10SJL22,2022,4/1/22,7:06,Rural,Heritage,1.547945,6,1,7,SJL,Early,0.782742944,1.068474193,0.354923327,21,0,4.42,20.65,5.66,6.2,8.13,20.98,67.43,59.2,34,3060,3420,6.4147625,5.140238897,1.274523603,0.413361634
B2,36,NPY1R,27.0948143,27.28684807,0.271576762,F10,ACTB,20.84293747,20.87208557,0.04122299,10SJL22,2022,4/1/22,7:31,Rural,Heritage,1.561644,22,1,1,SJL,Late,0.230682718,1.23266246,-0.349636195,21,0,4.42,20.65,5.66,6.2,8.13,20.98,67.43,59.2,34,3060,3420,6.4147625,5.140238897,1.274523603,0.413361634
C6,38,NPY1R,27.73945999,27.57316589,0.146244898,E12,ACTB,21.54802704,21.47690964,0.100573845,01SJL22,2022,3/15/22,7:50,Rural,Stream,5.227848,31,0,1,SJL,Early,-0.419825144,0.595274471,0.006727964,NA,NA,NA,NA,NA,NA,NA,NA,NA,NA,37,3120,3360,6.09625625,5.140238897,0.956017353,0.515477959
C6,38,NPY1R,27.73945999,27.57316589,0.146244898,E12,ACTB,21.54802704,21.47690964,0.100573845,01SJL22,2022,3/15/22,8:14,Rural,Stream,5.424658,36,0,0,SJL,Late,-0.539513413,0.582104227,-0.098712531,NA,NA,NA,NA,NA,NA,NA,NA,NA,NA,37,3120,3360,6.09625625,5.140238897,0.956017353,0.515477959
C10,39,NPY1R,27.58432007,27.57242203,0.016825022,G12,ACTB,20.19306564,20.16293144,0.042616196,04IJV22,2022,3/27/22,7:17,Urban,Radford,2.945205,29,6,8,IJV,Early,1.319923467,0.116639073,-0.0937364,20.7,2,5.43,22.83,5.16,6.98,7.05,22.3,12.47,71.42,48,29520,600,7.40949059,5.140238897,2.269251693,0.207437454
C10,39,NPY1R,27.58432007,27.57242203,0.016825022,G12,ACTB,20.19306564,20.16293144,0.042616196,04IJV22,2022,3/27/22,7:42,Urban,Radford,2.260274,36,0,0,IJV,Late,-0.089268229,1.241491301,-0.293691756,20.7,2,5.43,22.83,5.16,6.98,7.05,22.3,12.47,71.42,48,29520,600,7.40949059,5.140238897,2.269251693,0.207437454
B4,40,NPY1R,27.91340828,27.93519211,0.030806987,G2,ACTB,21.86030197,21.80980682,0.071412273,12SJL22,2022,4/2/22,9:24,Urban,North VT,1.479452,28,1,34,SJL,Early,3.267988517,0.331054235,3.525019143,21.2,0,4.22,22.74,5.14,6.32,8.11,20.05,65.01,67.39,33,3060,3540,6.12538529,5.140238897,0.985146393,0.50517446
B4,40,NPY1R,27.91340828,27.93519211,0.030806987,G2,ACTB,21.86030197,21.80980682,0.071412273,12SJL22,2022,4/2/22,9:48,Urban,North VT,3.684932,30,0,1,SJL,Late,-0.200290832,0.916783934,-0.088341637,21.2,0,4.22,22.74,5.14,6.32,8.11,20.05,65.01,67.39,33,3060,3540,6.12538529,5.140238897,0.985146393,0.50517446
D6,41,NPY1R,28.57585335,28.71134949,0.191621825,B8,ACTB,19.86289597,19.87732697,0.020409863,11IJV22,2022,4/2/22,9:37,Urban,South VT,2.90411,24,3,5,IJV,Early,0.664132311,0.588425959,-0.057577363,20.5,1,4.09,24.12,6.61,7.44,8.73,24.01,60.69,62.87,37,3720,4140,8.83402252,5.140238897,3.693783623,0.077278793
D6,41,NPY1R,28.57585335,28.71134949,0.191621825,B8,ACTB,19.86289597,19.87732697,0.020409863,11IJV22,2022,4/2/22,10:02,Urban,South VT,3.726027,36,0,0,IJV,Late,-0.297823357,0.936060925,-0.203376704,20.5,1,4.09,24.12,6.61,7.44,8.73,24.01,60.69,62.87,37,3720,4140,8.83402252,5.140238897,3.693783623,0.077278793
E10,43,NPY1R,23.63939476,23.71993065,0.113894947,G4,ACTB,20.60062218,20.59310913,0.010626401,11SJL22,2022,4/2/22,6:53,Urban,Radford,1.876712,14,9,17,SJL,Early,2.683703918,-0.29097692,0.507138812,20.6,1,5.06,22.6,5.34,6.48,8.09,21.19,65.65,67.95,35,2820,3300,3.12682152,5.140238897,-2.013417377,4.037374394
E10,43,NPY1R,23.63939476,23.71993065,0.113894947,G4,ACTB,20.60062218,20.59310913,0.010626401,11SJL22,2022,4/2/22,7:17,Urban,Radford,4.684932,30,0,4,SJL,Late,-0.067520551,0.624884822,0.325976969,20.6,1,5.06,22.6,5.34,6.48,8.09,21.19,65.65,67.95,35,2820,3300,3.12682152,5.140238897,-2.013417377,4.037374394
F4,46,NPY1R,25.63808441,25.63138199,0.009477309,F12,ACTB,20.2314167,20.3733139,0.200671598,07SJL22,2022,3/25/22,7:31,Rural,Heritage,1.835616,27,4,6,SJL,Early,1.036709318,0.656668334,-0.136311582,19.5,0,2.93,23.02,5.17,6.05,8.73,20.35,64.05,68.68,42,3660,4200,5.25806809,5.140238897,0.117829193,0.921573289
F4,46,NPY1R,25.63808441,25.63138199,0.009477309,F12,ACTB,20.2314167,20.3733139,0.200671598,07SJL22,2022,3/26/22,7:55,Rural,Heritage,7.561644,22,0,0,SJL,Late,-0.843575097,0.136803864,0.032961751,19.5,0,2.93,23.02,5.17,6.05,8.73,20.35,64.05,68.68,42,3660,4200,5.25806809,5.140238897,0.117829193,0.921573289
B10,47,NPY1R,27.66365623,27.76833725,0.148039967,C12,ACTB,22.38691902,22.35404968,0.046485614,02SJL22,2022,3/15/22,9:54,Rural,Stream,2.113924,37,1,8,SJL,Early,0.793897674,0.922696345,0.507364403,NA,NA,NA,NA,NA,NA,NA,NA,NA,NA,32,2820,3120,5.41428757,5.140238897,0.274048673,0.826995467
B10,47,NPY1R,27.66365623,27.76833725,0.148039967,C12,ACTB,22.38691902,22.35404968,0.046485614,02SJL22,2022,3/16/22,10:18,Rural,Stream,1.876712,7,12,31,SJL,Late,4.353879454,-1.060445391,1.761687489,NA,NA,NA,NA,NA,NA,NA,NA,NA,NA,32,2820,3120,5.41428757,5.140238897,0.274048673,0.826995467
B12,48,NPY1R,27.17843437,27.20304871,0.034808576,H10,ACTB,19.46878815,19.53264236,0.090304852,04TEF22,2022,3/22/22,8:13,Rural,Kentland,3.342466,24,6,21,TEF,Early,2.455306591,-0.328067095,1.459115952,21.5,1,4.77,24.42,5.27,5.72,8.7,23.05,62.16,64.47,47,1620,2040,7.67040635,5.140238897,2.530167453,0.173118589
B12,48,NPY1R,27.17843437,27.20304871,0.034808576,H10,ACTB,19.46878815,19.53264236,0.090304852,04TEF22,2022,3/23/22,8:46,Rural,Kentland,10,44,0,2,TEF,Late,-1.007146903,-0.426976186,0.418340012,21.5,1,4.77,24.42,5.27,5.72,8.7,23.05,62.16,64.47,47,1620,2040,7.67040635,5.140238897,2.530167453,0.173118589
C4,50,NPY1R,26.97034264,27.01878357,0.068505824,G4,ACTB,21.58335304,21.59743881,0.019918937,07TEF22,2022,3/28/22,8:01,Urban,North VT,2.534247,19,2,0,TEF,Late,0.129471465,0.931266819,-0.537739123,19.5,0,5.46,21.96,5.41,5.98,9.15,21.58,57.93,62.02,37,3480,3840,5.42134476,5.140238897,0.281105863,0.822959955
C4,50,NPY1R,26.97034264,27.01878357,0.068505824,G4,ACTB,21.58335304,21.59743881,0.019918937,07TEF22,2022,3/28/22,7:36,Urban,North VT,1.452055,8,12,4,TEF,Early,1.938801962,-0.220263811,-1.4387947,19.5,0,5.46,21.96,5.41,5.98,9.15,21.58,57.93,62.02,37,3480,3840,5.42134476,5.140238897,0.281105863,0.822959955
G10,55,NPY1R,24.48974228,24.41332436,0.10807126,D12,ACTB,21.69648743,21.55125809,0.205386654,09SJL22,2022,3/27/22,7:10,Urban,Radford,5.630137,1,0,5,SJL,Early,-0.110324187,0.400084587,0.501784781,18.5,0,NA,25.58,4.9,6.85,8.58,21.09,63.37,67.92,33,2940,3420,2.86206627,5.140238897,-2.278172627,4.850631649
G10,55,NPY1R,24.48974228,24.41332436,0.10807126,D12,ACTB,21.69648743,21.55125809,0.205386654,09SJL22,2022,3/27/22,7:34,Urban,Radford,1.958904,9,2,1,SJL,Late,0.303019411,1.023314918,-0.455622627,18.5,0,NA,25.58,4.9,6.85,8.58,21.09,63.37,67.92,33,2940,3420,2.86206627,5.140238897,-2.278172627,4.850631649
H4,58,NPY1R,27.20894623,27.15209579,0.080400005,A6,ACTB,24.36116028,24.36899185,0.011075517,02IJV22,2022,3/22/22,9:29,Rural,Kentland,2.726027,0,2,3,IJV,Early,0.377239434,0.807782587,-0.173220407,19.5,2,3.92,21.86,5.59,6.83,8.5,21.3,63.12,74.28,NA,NA,NA,2.78310394,5.140238897,-2.357134957,5.123518703
H4,58,NPY1R,27.20894623,27.15209579,0.080400005,A6,ACTB,24.36116028,24.36899185,0.011075517,02IJV22,2022,3/22/22,9:54,Rural,Kentland,10.643836,32,0,0,IJV,Late,-1.282125602,-0.505456274,0.222876581,19.5,2,3.92,21.86,5.59,6.83,8.5,21.3,63.12,74.28,NA,NA,NA,2.78310394,5.140238897,-2.357134957,5.123518703
H6,59,NPY1R,24.208992,24.04929733,0.225843713,B8,ACTB,22.57281876,22.51968765,0.075137377,02TEF22,2022,3/19/22,8:00,Urban,South VT,5.123288,26,1,0,TEF,Early,-0.36777194,0.518335649,-0.247746324,20,1,3.11,21.86,4.78,5.25,7.94,20.86,63.97,63.63,47,1140,1500,1.52960968,5.140238897,-3.610629217,12.21540014
H6,59,NPY1R,24.208992,24.04929733,0.225843713,B8,ACTB,22.57281876,22.51968765,0.075137377,02TEF22,2022,3/19/22,8:00,Urban,South VT,6.657534,28,0,0,TEF,Late,-0.714933615,0.325200171,-0.022746599,20,1,3.11,21.86,4.78,5.25,7.94,20.86,63.97,63.63,47,1140,1500,1.52960968,5.140238897,-3.610629217,12.21540014
C5,1,NPY2R,26.58480263,26.5037384,0.11464078,H8,ACTB,20.69981384,20.69495392,0.00687432,SOSP01,2021,3/13/21,NA,Urban,NVT,NA,NA,NA,NA,NA,NA,NA,NA,NA,NA,NA,NA,NA,NA,NA,NA,NA,NA,NA,NA,NA,10 mins,5.80878448,6.579880107,-0.771095627,1.70656531
C4,2,NPY2R,25.43444252,25.41711044,0.02450991,D6,ACTB,19.5336647,19.56471634,0.043914992,SOSP02,2021,3/13/21,7:15,Urban,NVT,NA,NA,NA,NA,NA,NA,NA,NA,NA,NA,NA,NA,NA,NA,NA,NA,NA,NA,NA,NA,NA,7:24,5.8523941,6.579880107,-0.727486007,1.655751319
C2,3,NPY2R,26.266922,26.40904617,0.200992584,F12,ACTB,18.15014839,18.19657898,0.065662764,SOSP03,2021,3/13/21,8:08,Urban,SVT,NA,NA,NA,NA,NA,NA,NA,NA,NA,NA,NA,NA,NA,NA,NA,NA,NA,NA,NA,NA,NA,8:15,8.21246719,6.579880107,1.632587083,0.322509356
B8,6,NPY2R,26.08753777,26.03976059,0.067567132,C10,ACTB,20.74203682,20.83722305,0.134613663,SOSP06,2021,3/14/21,7:54,Rural,Stream,NA,NA,NA,NA,NA,NA,NA,NA,NA,NA,NA,NA,NA,NA,NA,NA,NA,NA,NA,3,7:57,8:00,5.20253754,6.579880107,-1.377342567,2.597894001
B6,7,NPY2R,25.14644432,25.20046425,0.076395713,C8,ACTB,20.55706406,20.62692261,0.098794907,SOSP07,2021,3/14/21,8:07,Rural,Stream,NA,NA,NA,NA,NA,NA,NA,NA,NA,NA,NA,NA,NA,NA,NA,NA,NA,NA,NA,3,8:10,8:17,4.57354164,6.579880107,-2.006338467,4.017612625
B4,8,NPY2R,27.29735756,27.20583916,0.129426569,D2,ACTB,21.09604073,21.10422134,0.011567793,SOSP08,2021,3/14/21,9:08,Rural,Stream,NA,NA,NA,NA,NA,NA,NA,NA,NA,NA,NA,NA,NA,NA,NA,NA,NA,NA,NA,2,9:10,9:15,6.10161782,6.579880107,-0.478262287,1.393064722
A10,11,NPY2R,25.66796684,25.67593575,0.011269731,H10,ACTB,18.66292381,18.65204239,0.015388657,SOSP11,2021,3/16/21,9:45,Rural,Hert,NA,NA,NA,NA,NA,NA,NA,NA,NA,NA,NA,NA,NA,NA,NA,NA,NA,NA,NA,3,9:48,9:53,7.02389336,6.579880107,0.444013253,0.735086916
A6,13,NPY2R,25.31986618,25.35009384,0.042748369,H8,ACTB,18.33967781,18.33135223,0.011775493,SOSP13,2021,3/17/21,7:08,Rural,Kent,NA,NA,NA,NA,NA,NA,NA,NA,NA,NA,NA,NA,NA,NA,NA,NA,NA,NA,NA,3,7:11,7:16,7.01874161,6.579880107,0.438861503,0.737716545
A4,14,NPY2R,27.61887741,27.43793106,0.255898118,F4,ACTB,21.54092979,21.53488922,0.008541312,SOSP14,2021,3/17/21,7:19,Rural,Kent,NA,NA,NA,NA,NA,NA,NA,NA,NA,NA,NA,NA,NA,NA,NA,NA,NA,NA,NA,3,7:22,7:27,5.90304184,6.579880107,-0.676838267,1.598632437
H10,15,NPY2R,28.45099258,28.54451942,0.132266924,G6,ACTB,20.1911087,20.16890335,0.031403109,SOSP15,2021,3/17/21,7:44,Rural,Kent,NA,NA,NA,NA,NA,NA,NA,NA,NA,NA,NA,NA,NA,NA,NA,NA,NA,NA,NA,4,7:48,7:53,8.37561607,6.579880107,1.795735963,0.288024619
H8,16,NPY2R,27.52893448,27.4803791,0.068667665,F10,ACTB,19.9676342,19.96055222,0.010014092,SOSP16,2021,3/17/21,7:57,Rural,Kent,NA,NA,NA,NA,NA,NA,NA,NA,NA,NA,NA,NA,NA,NA,NA,NA,NA,NA,NA,3,8:00,8:05,7.51982688,6.579880107,0.939946773,0.521252111
A8,16,NPY2R,28.17385674,28.24411011,0.099353269,F10,ACTB,19.9676342,19.96055222,0.010014092,SOSP16,2021,3/17/21,7:57,Rural,Kent,NA,NA,NA,NA,NA,NA,NA,NA,NA,NA,NA,NA,NA,NA,NA,NA,NA,NA,NA,3,8:00,8:05,8.28355789,6.579880107,1.703677783,0.30700248
H4,18,NPY2R,27.96570778,28.01463318,0.069192313,H6,ACTB,18.4566021,18.46193314,0.007540577,SOSP18,2021,3/20/21,7:33,Urban,Rad,NA,NA,NA,NA,NA,NA,NA,NA,NA,NA,NA,NA,NA,NA,NA,NA,NA,NA,NA,3,7:36,7:41,9.55270004,6.579880107,2.972819933,0.127377297
F10,27,NPY2R,26.94172287,27.10267448,0.227619961,B6,ACTB,21.17493248,21.25666428,0.115587562,SOSP27,2021,3/22/21,7:58,Rural,Stream,NA,NA,NA,NA,NA,NA,NA,NA,NA,NA,NA,NA,NA,NA,NA,NA,NA,NA,NA,5,8:03,8:06,5.8460102,6.579880107,-0.733869907,1.663094223
F8,28,NPY2R,27.16422272,27.27148819,0.151694939,C8,ACTB,20.81090164,20.74119186,0.098583162,SOSP28,2021,3/22/21,8:16,Rural,Stream,NA,NA,NA,NA,NA,NA,NA,NA,NA,NA,NA,NA,NA,NA,NA,NA,NA,NA,NA,3,8:19,8:21,6.53029633,6.579880107,-0.049583777,1.034966289
F6,29,NPY2R,27.64731407,27.79444885,0.208080009,F8,ACTB,22.0744381,22.19191742,0.166142196,SOSP29,2021,3/22/21,8:54,Urban,SVT,NA,NA,NA,NA,NA,NA,NA,NA,NA,NA,NA,NA,NA,NA,NA,NA,NA,NA,NA,2,8:56,8:58,5.60253143,6.579880107,-0.977348677,1.968843826
F2,31,NPY2R,27.87214851,27.86842918,0.005259927,B8,ACTB,20.11962318,20.11102676,0.012155825,06TEF22,2022,3/27/22,7:30,Urban,Radford,10.931507,29,1,3,TEF,Early,-0.919140446,-0.775489278,0.462839416,NA,NA,NA,NA,NA,NA,NA,NA,NA,NA,71,420,720,7.75740242,6.579880107,1.177522313,0.442110127
F2,31,NPY2R,27.87214851,27.86842918,0.005259927,B8,ACTB,20.11962318,20.11102676,0.012155825,06TEF22,2022,3/27/22,7:50,Urban,Radford,6.575342,35,0,0,TEF,Late,-0.703238935,0.342327108,-0.027810995,NA,NA,NA,NA,NA,NA,NA,NA,NA,NA,71,420,720,7.75740242,6.579880107,1.177522313,0.442110127
E12,32,NPY2R,28.27810097,28.1907196,0.123574562,D8,ACTB,20.71311569,20.78430367,0.100674994,08SJL22,2022,3/25/22,9:06,Rural,Heritage,4.273973,23,0,0,SJL,Early,-0.375787892,0.821881345,-0.169614067,20.5,1,3.76,22.9,4.17,6.48,8.24,21.88,62.86,60.51,32,3300,3600,7.40641593,6.579880107,0.826535823,0.563881602
E12,32,NPY2R,28.27810097,28.1907196,0.123574562,D8,ACTB,20.71311569,20.78430367,0.100674994,08SJL22,2022,3/25/22,9:31,Rural,Heritage,6.39726,20,0,0,SJL,Late,-0.677900462,0.379435472,-0.038783851,20.5,1,3.76,22.9,4.17,6.48,8.24,21.88,62.86,60.51,32,3300,3600,7.40641593,6.579880107,0.826535823,0.563881602
E10,33,NPY2R,29.22180557,29.44756317,0.319268107,E6,ACTB,20.55480957,20.5700016,0.021484777,10IJV22,2022,4/2/22,7:21,Urban,South VT,2.493151,20,12,10,IJV,Early,2.340780459,-0.60424777,-0.669242103,20.4,1,5.65,24.1,5.98,6.52,7.68,21.3,62.91,69.75,NA,NA,NA,8.87756157,6.579880107,2.297681463,0.203389702
E10,33,NPY2R,29.22180557,29.44756317,0.319268107,E6,ACTB,20.55480957,20.5700016,0.021484777,10IJV22,2022,4/2/22,7:50,Urban,South VT,3.917808,34,0,0,IJV,Late,-0.325110944,0.896098072,-0.191559781,20.4,1,5.65,24.1,5.98,6.52,7.68,21.3,62.91,69.75,NA,NA,NA,8.87756157,6.579880107,2.297681463,0.203389702
E8,34,NPY2R,31.20680428,31.07962036,0.179865211,E4,ACTB,23.05839729,23.07230759,0.019672126,06SJL22,2022,3/26/22,10:00,Rural,Kentland,8.295775,4,0,0,SJL,Early,-0.948031101,-0.016172651,0.078196551,21,1,2.96,22.12,5.39,6.71,8.46,59.26,63.74,20.5,33,2700,3180,8.00731277,6.579880107,1.427432663,0.371791924
E8,34,NPY2R,31.20680428,31.07962036,0.179865211,E4,ACTB,23.05839729,23.07230759,0.019672126,06SJL22,2022,3/22/22,10:23,Rural,Kentland,7.438356,29,0,0,SJL,Late,-0.826033076,0.16249427,0.025365158,21,1,2.96,22.12,5.39,6.71,8.46,59.26,63.74,20.5,33,2700,3180,8.00731277,6.579880107,1.427432663,0.371791924
E6,35,NPY2R,28.96223259,28.94935989,0.018203393,F8,ACTB,21.25430679,21.23674393,0.024836294,05SJL22,2022,3/22/22,7:31,Rural,Kentland,2.694444,11,10,3,SJL,Early,1.412621064,-0.198174998,-1.21888119,20.5,0,3.01,24.59,6.02,6.55,8.7,21.59,66.94,68.46,36,2940,3420,7.71261596,6.579880107,1.132735853,0.456050075
E6,35,NPY2R,28.96223259,28.94935989,0.018203393,F8,ACTB,21.25430679,21.23674393,0.024836294,05SJL22,2022,3/22/22,7:55,Rural,Kentland,1.493151,25,0,1,SJL,Late,0.111567305,1.373502254,-0.223392182,20.5,0,3.01,24.59,6.02,6.55,8.7,21.59,66.94,68.46,36,2940,3420,7.71261596,6.579880107,1.132735853,0.456050075
E4,36,NPY2R,28.85828018,28.95453262,0.136120156,F10,ACTB,20.84293747,20.87208557,0.04122299,10SJL22,2022,4/1/22,7:06,Rural,Heritage,1.547945,6,1,7,SJL,Early,0.782742944,1.068474193,0.354923327,21,0,4.42,20.65,5.66,6.2,8.13,20.98,67.43,59.2,34,3060,3420,8.08244705,6.579880107,1.502566943,0.352924883
E4,36,NPY2R,28.85828018,28.95453262,0.136120156,F10,ACTB,20.84293747,20.87208557,0.04122299,10SJL22,2022,4/1/22,7:31,Rural,Heritage,1.561644,22,1,1,SJL,Late,0.230682718,1.23266246,-0.349636195,21,0,4.42,20.65,5.66,6.2,8.13,20.98,67.43,59.2,34,3060,3420,8.08244705,6.579880107,1.502566943,0.352924883
E2,37,NPY2R,29.93490982,30.15682983,0.313840956,A12,ACTB,21.2016964,21.2182312,0.023383746,10TEF22,2022,4/2/22,9:40,Rural,Stream,8.356164,17,1,3,TEF,Early,-0.552707135,-0.238845252,0.304155025,21.3,NA,NA,NA,NA,NA,NA,NA,NA,NA,NA,38400,38760,8.93859863,6.579880107,2.358718523,0.194964245
E2,37,NPY2R,29.93490982,30.15682983,0.313840956,A12,ACTB,21.2016964,21.2182312,0.023383746,10TEF22,2022,4/2/22,10:02,Rural,Stream,10.684932,11,0,2,TEF,Late,-1.104602571,-0.569700662,0.460543308,21.3,NA,NA,NA,NA,NA,NA,NA,NA,NA,NA,38400,38760,8.93859863,6.579880107,2.358718523,0.194964245
C8,38,NPY2R,29.34683609,29.49455643,0.208906755,E12,ACTB,21.54802704,21.47690964,0.100573845,01SJL22,2022,3/15/22,7:50,Rural,Stream,5.227848,31,0,1,SJL,Early,-0.419825144,0.595274471,0.006727964,NA,NA,NA,NA,NA,NA,NA,NA,NA,NA,37,3120,3360,8.01764679,6.579880107,1.437766683,0.369138295
C8,38,NPY2R,29.34683609,29.49455643,0.208906755,E12,ACTB,21.54802704,21.47690964,0.100573845,01SJL22,2022,3/15/22,8:14,Rural,Stream,5.424658,36,0,0,SJL,Late,-0.539513413,0.582104227,-0.098712531,NA,NA,NA,NA,NA,NA,NA,NA,NA,NA,37,3120,3360,8.01764679,6.579880107,1.437766683,0.369138295
D10,39,NPY2R,29.42762566,29.32030678,0.151771814,G12,ACTB,20.19306564,20.16293144,0.042616196,04IJV22,2022,3/27/22,7:17,Urban,Radford,2.945205,29,6,8,IJV,Early,1.319923467,0.116639073,-0.0937364,20.7,2,5.43,22.83,5.16,6.98,7.05,22.3,12.47,71.42,48,29520,600,9.15737534,6.579880107,2.577495233,0.167531556
D10,39,NPY2R,29.42762566,29.32030678,0.151771814,G12,ACTB,20.19306564,20.16293144,0.042616196,04IJV22,2022,3/27/22,7:42,Urban,Radford,2.260274,36,0,0,IJV,Late,-0.089268229,1.241491301,-0.293691756,20.7,2,5.43,22.83,5.16,6.98,7.05,22.3,12.47,71.42,48,29520,600,9.15737534,6.579880107,2.577495233,0.167531556
D8,41,NPY2R,29.92165375,29.88112831,0.057311621,B8,ACTB,19.86289597,19.87732697,0.020409863,11IJV22,2022,4/2/22,9:37,Urban,South VT,2.90411,24,3,5,IJV,Early,0.664132311,0.588425959,-0.057577363,20.5,1,4.09,24.12,6.61,7.44,8.73,24.01,60.69,62.87,37,3720,4140,10.00380134,6.579880107,3.423921233,0.093174486
D8,41,NPY2R,29.92165375,29.88112831,0.057311621,B8,ACTB,19.86289597,19.87732697,0.020409863,11IJV22,2022,4/2/22,10:02,Urban,South VT,3.726027,36,0,0,IJV,Late,-0.297823357,0.936060925,-0.203376704,20.5,1,4.09,24.12,6.61,7.44,8.73,24.01,60.69,62.87,37,3720,4140,10.00380134,6.579880107,3.423921233,0.093174486
D2,43,NPY2R,28.47095299,28.50591278,0.049440615,G4,ACTB,20.60062218,20.59310913,0.010626401,11SJL22,2022,4/2/22,6:53,Urban,Radford,1.876712,14,9,17,SJL,Early,2.683703918,-0.29097692,0.507138812,20.6,1,5.06,22.6,5.34,6.48,8.09,21.19,65.65,67.95,35,2820,3300,7.91280365,6.579880107,1.332923543,0.396963002
D2,43,NPY2R,28.47095299,28.50591278,0.049440615,G4,ACTB,20.60062218,20.59310913,0.010626401,11SJL22,2022,4/2/22,7:17,Urban,Radford,4.684932,30,0,4,SJL,Late,-0.067520551,0.624884822,0.325976969,20.6,1,5.06,22.6,5.34,6.48,8.09,21.19,65.65,67.95,35,2820,3300,7.91280365,6.579880107,1.332923543,0.396963002
C12,44,NPY2R,29.35544777,29.24274063,0.159393311,B12,ACTB,20.08706856,20.07524109,0.016727915,03IJV22,2022,3/25/22,9:03,Rural,Heritage,4.684932,14,1,1,IJV,Early,-0.213715127,0.581838854,-0.157189168,20.6,2,5.61,23.2,5.92,6.86,7.66,20.78,62.04,71.88,31,3480,3840,9.16749954,6.579880107,2.587619433,0.166360008
C12,44,NPY2R,29.35544777,29.24274063,0.159393311,B12,ACTB,20.08706856,20.07524109,0.016727915,03IJV22,2022,3/25/22,9:28,Rural,Heritage,4.027397,34,0,0,IJV,Late,-0.340703851,0.873262156,-0.184807254,20.6,2,5.61,23.2,5.92,6.86,7.66,20.78,62.04,71.88,31,3480,3840,9.16749954,6.579880107,2.587619433,0.166360008
C10,45,NPY2R,29.65929604,29.78169632,0.173098788,F6,ACTB,21.57627296,21.6091423,0.046482917,07IJV22,2022,3/29/22,9:20,Urban,North VT,7.479452,1,0,0,IJV,Early,-0.831880417,0.153930801,0.027897355,18.3,1,4.35,23.17,6.28,7.32,8.13,22.2,60.25,66.02,43,3300,3840,8.17255402,6.579880107,1.592673913,0.331556372
C10,45,NPY2R,29.65929604,29.78169632,0.173098788,F6,ACTB,21.57627296,21.6091423,0.046482917,07IJV22,2022,3/29/22,9:45,Urban,North VT,2.219178,6,10,0,IJV,Late,1.205188912,-0.015618693,-1.600867382,18.3,1,4.35,23.17,6.28,7.32,8.13,22.2,60.25,66.02,43,3300,3840,8.17255402,6.579880107,1.592673913,0.331556372
C8,46,NPY2R,28.88112068,28.81481552,0.093771003,F12,ACTB,20.2314167,20.3733139,0.200671598,07SJL22,2022,3/25/22,7:31,Rural,Heritage,1.835616,27,4,6,SJL,Early,1.036709318,0.656668334,-0.136311582,19.5,0,2.93,23.02,5.17,6.05,8.73,20.35,64.05,68.68,42,3660,4200,8.44150162,6.579880107,1.861621513,0.275166832
C8,46,NPY2R,28.88112068,28.81481552,0.093771003,F12,ACTB,20.2314167,20.3733139,0.200671598,07SJL22,2022,3/26/22,7:55,Rural,Heritage,7.561644,22,0,0,SJL,Late,-0.843575097,0.136803864,0.032961751,19.5,0,2.93,23.02,5.17,6.05,8.73,20.35,64.05,68.68,42,3660,4200,8.44150162,6.579880107,1.861621513,0.275166832
C12,47,NPY2R,30.7503891,30.83824921,0.124254301,C12,ACTB,22.38691902,22.35404968,0.046485614,02SJL22,2022,3/15/22,9:54,Rural,Stream,2.113924,37,1,8,SJL,Early,0.793897674,0.922696345,0.507364403,NA,NA,NA,NA,NA,NA,NA,NA,NA,NA,32,2820,3120,8.48419953,6.579880107,1.904319423,0.267142344
C12,47,NPY2R,30.7503891,30.83824921,0.124254301,C12,ACTB,22.38691902,22.35404968,0.046485614,02SJL22,2022,3/16/22,10:18,Rural,Stream,1.876712,7,12,31,SJL,Late,4.353879454,-1.060445391,1.761687489,NA,NA,NA,NA,NA,NA,NA,NA,NA,NA,32,2820,3120,8.48419953,6.579880107,1.904319423,0.267142344
C4,48,NPY2R,29.88807106,29.93051529,0.060026553,H10,ACTB,19.46878815,19.53264236,0.090304852,04TEF22,2022,3/22/22,8:13,Rural,Kentland,3.342466,24,6,21,TEF,Early,2.455306591,-0.328067095,1.459115952,21.5,1,4.77,24.42,5.27,5.72,8.7,23.05,62.16,64.47,47,1620,2040,10.39787293,6.579880107,3.817992823,0.070903821
C4,48,NPY2R,29.88807106,29.93051529,0.060026553,H10,ACTB,19.46878815,19.53264236,0.090304852,04TEF22,2022,3/23/22,8:46,Rural,Kentland,10,44,0,2,TEF,Late,-1.007146903,-0.426976186,0.418340012,21.5,1,4.77,24.42,5.27,5.72,8.7,23.05,62.16,64.47,47,1620,2040,10.39787293,6.579880107,3.817992823,0.070903821
B12,50,NPY2R,26.96611214,26.89167404,0.10527271,G4,ACTB,21.58335304,21.59743881,0.019918937,07TEF22,2022,3/28/22,8:01,Urban,North VT,2.534247,19,2,0,TEF,Late,0.129471465,0.931266819,-0.537739123,19.5,0,5.46,21.96,5.41,5.98,9.15,21.58,57.93,62.02,37,3480,3840,5.29423523,6.579880107,-1.285644877,2.437910017
B12,50,NPY2R,26.96611214,26.89167404,0.10527271,G4,ACTB,21.58335304,21.59743881,0.019918937,07TEF22,2022,3/28/22,7:36,Urban,North VT,1.452055,8,12,4,TEF,Early,1.938801962,-0.220263811,-1.4387947,19.5,0,5.46,21.96,5.41,5.98,9.15,21.58,57.93,62.02,37,3480,3840,5.29423523,6.579880107,-1.285644877,2.437910017
B4,54,NPY2R,26.62963676,26.62715149,0.003513361,C4,ACTB,22.59887314,22.67014503,0.100793682,05IJV22,2022,3/27/22,9:15,Urban,Radford,10.684932,6,0,0,IJV,Early,-1.287972942,-0.514019743,0.225408778,21,0,3.57,24.59,5.69,6.74,7.36,21.83,63.43,64,35,840,1140,3.95700646,6.579880107,-2.622873647,6.159757892
B4,54,NPY2R,26.62963676,26.62715149,0.003513361,C4,ACTB,22.59887314,22.67014503,0.100793682,05IJV22,2022,3/27/22,9:39,Urban,Radford,7.780822,18,0,0,IJV,Late,-0.87476091,0.091132032,0.046466805,21,0,3.57,24.59,5.69,6.74,7.36,21.83,63.43,64,35,840,1140,3.95700646,6.579880107,-2.622873647,6.159757892
B2,55,NPY2R,28.93136597,28.91640472,0.02115974,D12,ACTB,21.69648743,21.55125809,0.205386654,09SJL22,2022,3/27/22,7:10,Urban,Radford,5.630137,1,0,5,SJL,Early,-0.110324187,0.400084587,0.501784781,18.5,0,NA,25.58,4.9,6.85,8.58,21.09,63.37,67.92,33,2940,3420,7.36514663,6.579880107,0.785266523,0.580244753
B2,55,NPY2R,28.93136597,28.91640472,0.02115974,D12,ACTB,21.69648743,21.55125809,0.205386654,09SJL22,2022,3/27/22,7:34,Urban,Radford,1.958904,9,2,1,SJL,Late,0.303019411,1.023314918,-0.455622627,18.5,0,NA,25.58,4.9,6.85,8.58,21.09,63.37,67.92,33,2940,3420,7.36514663,6.579880107,0.785266523,0.580244753
A8,58,NPY2R,29.85906982,29.90032959,0.05835012,A6,ACTB,24.36116028,24.36899185,0.011075517,02IJV22,2022,3/22/22,9:29,Rural,Kentland,2.726027,0,2,3,IJV,Early,0.377239434,0.807782587,-0.173220407,19.5,2,3.92,21.86,5.59,6.83,8.5,21.3,63.12,74.28,NA,NA,NA,5.53133774,6.579880107,-1.048542367,2.068438936
A8,58,NPY2R,29.85906982,29.90032959,0.05835012,A6,ACTB,24.36116028,24.36899185,0.011075517,02IJV22,2022,3/22/22,9:54,Rural,Kentland,10.643836,32,0,0,IJV,Late,-1.282125602,-0.505456274,0.222876581,19.5,2,3.92,21.86,5.59,6.83,8.5,21.3,63.12,74.28,NA,NA,NA,5.53133774,6.579880107,-1.048542367,2.068438936
A6,59,NPY2R,26.96473885,26.83742332,0.180051342,B8,ACTB,22.57281876,22.51968765,0.075137377,02TEF22,2022,3/19/22,8:00,Urban,South VT,5.123288,26,1,0,TEF,Early,-0.36777194,0.518335649,-0.247746324,20,1,3.11,21.86,4.78,5.25,7.94,20.86,63.97,63.63,47,1140,1500,4.31773567,6.579880107,-2.262144437,4.797039893
A6,59,NPY2R,26.96473885,26.83742332,0.180051342,B8,ACTB,22.57281876,22.51968765,0.075137377,02TEF22,2022,3/19/22,8:00,Urban,South VT,6.657534,28,0,0,TEF,Late,-0.714933615,0.325200171,-0.022746599,20,1,3.11,21.86,4.78,5.25,7.94,20.86,63.97,63.63,47,1140,1500,4.31773567,6.579880107,-2.262144437,4.797039893
A4,60,NPY2R,26.91608047,26.93251801,0.023247527,B8,ACTB,23.0494442,23.08588409,0.051535144,09IJV22,2022,4/1/22,9:26,Urban,North VT,NA,NA,NA,NA,NA,Early,NA,NA,NA,23,3,5.34,24.27,5.81,7.3,9.21,20.24,62,66.78,29,3120,3420,3.84663392,6.579880107,-2.733246187,6.649501494
A4,60,NPY2R,26.91608047,26.93251801,0.023247527,B8,ACTB,23.0494442,23.08588409,0.051535144,09IJV22,2022,4/1/22,9:50,Urban,North VT,NA,NA,NA,NA,NA,Late,NA,NA,NA,23,3,5.34,24.27,5.81,7.3,9.21,20.24,62,66.78,29,3120,3420,3.84663392,6.579880107,-2.733246187,6.649501494
C8,1,NPY5R,19.57708931,19.54529572,0.044962931,H8,ACTB,20.69981384,20.69495392,0.00687432,SOSP01,2021,3/13/21,NA,Urban,NVT,NA,NA,NA,NA,NA,NA,NA,NA,NA,NA,NA,NA,NA,NA,NA,NA,NA,NA,NA,NA,NA,10 mins,-1.1496582,2.893625639,-4.043283839,16.48730669
C10,2,NPY5R,18.96109581,19.04442978,0.117853381,D6,ACTB,19.5336647,19.56471634,0.043914992,SOSP02,2021,3/13/21,7:15,Urban,NVT,NA,NA,NA,NA,NA,NA,NA,NA,NA,NA,NA,NA,NA,NA,NA,NA,NA,NA,NA,NA,NA,7:24,-0.52028656,2.893625639,-3.413912199,10.65834992
C12,3,NPY5R,18.76341248,18.72681046,0.051761724,F12,ACTB,18.15014839,18.19657898,0.065662764,SOSP03,2021,3/13/21,8:08,Urban,SVT,NA,NA,NA,NA,NA,NA,NA,NA,NA,NA,NA,NA,NA,NA,NA,NA,NA,NA,NA,NA,NA,8:15,0.53023148,2.893625639,-2.363394159,5.145795626
D6,6,NPY5R,19.9464035,19.98011589,0.047676515,C10,ACTB,20.74203682,20.83722305,0.134613663,SOSP06,2021,3/14/21,7:54,Rural,Stream,NA,NA,NA,NA,NA,NA,NA,NA,NA,NA,NA,NA,NA,NA,NA,NA,NA,NA,NA,3,7:57,8:00,-0.85710716,2.893625639,-3.750732799,13.46117835
D8,7,NPY5R,19.94502449,19.93487167,0.0143596,C8,ACTB,20.55706406,20.62692261,0.098794907,SOSP07,2021,3/14/21,8:07,Rural,Stream,NA,NA,NA,NA,NA,NA,NA,NA,NA,NA,NA,NA,NA,NA,NA,NA,NA,NA,NA,3,8:10,8:17,-0.69205094,2.893625639,-3.585676579,12.00594101
D10,8,NPY5R,20.42177391,20.47159004,0.070450649,D2,ACTB,21.09604073,21.10422134,0.011567793,SOSP08,2021,3/14/21,9:08,Rural,Stream,NA,NA,NA,NA,NA,NA,NA,NA,NA,NA,NA,NA,NA,NA,NA,NA,NA,NA,NA,2,9:10,9:15,-0.6326313,2.893625639,-3.526256939,11.52150231
E4,11,NPY5R,19.05628967,19.03309631,0.032800365,H10,ACTB,18.66292381,18.65204239,0.015388657,SOSP11,2021,3/16/21,9:45,Rural,Hert,NA,NA,NA,NA,NA,NA,NA,NA,NA,NA,NA,NA,NA,NA,NA,NA,NA,NA,NA,3,9:48,9:53,0.38105392,2.893625639,-2.512571719,5.70636377
E10,14,NPY5R,20.70379257,20.7592392,0.078412019,F4,ACTB,21.54092979,21.53488922,0.008541312,SOSP14,2021,3/17/21,7:19,Rural,Kent,NA,NA,NA,NA,NA,NA,NA,NA,NA,NA,NA,NA,NA,NA,NA,NA,NA,NA,NA,3,7:22,7:27,-0.77565002,2.893625639,-3.669275659,12.72219464
H10,15,NPY5R,27.18636322,27.10706329,0.112147033,G6,ACTB,20.1911087,20.16890335,0.031403109,SOSP15,2021,3/17/21,7:44,Rural,Kent,NA,NA,NA,NA,NA,NA,NA,NA,NA,NA,NA,NA,NA,NA,NA,NA,NA,NA,NA,4,7:48,7:53,6.93815994,2.893625639,4.044534301,0.060600172
H8,16,NPY5R,25.85474205,25.91135406,0.080060132,F10,ACTB,19.9676342,19.96055222,0.010014092,SOSP16,2021,3/17/21,7:57,Rural,Kent,NA,NA,NA,NA,NA,NA,NA,NA,NA,NA,NA,NA,NA,NA,NA,NA,NA,NA,NA,3,8:00,8:05,5.95080184,2.893625639,3.057176201,0.120142942
A10,16,NPY5R,26.38111305,26.35696411,0.03415041,F10,ACTB,19.9676342,19.96055222,0.010014092,SOSP16,2021,3/17/21,7:57,Rural,Kent,NA,NA,NA,NA,NA,NA,NA,NA,NA,NA,NA,NA,NA,NA,NA,NA,NA,NA,NA,3,8:00,8:05,6.39641189,2.893625639,3.502786251,0.08821781
H4,18,NPY5R,26.93959618,26.95238113,0.018080661,H6,ACTB,18.4566021,18.46193314,0.007540577,SOSP18,2021,3/20/21,7:33,Urban,Rad,NA,NA,NA,NA,NA,NA,NA,NA,NA,NA,NA,NA,NA,NA,NA,NA,NA,NA,NA,3,7:36,7:41,8.49044799,2.893625639,5.596822351,0.020662772
F10,27,NPY5R,27.0610714,27.24033356,0.253513634,B6,ACTB,21.17493248,21.25666428,0.115587562,SOSP27,2021,3/22/21,7:58,Rural,Stream,NA,NA,NA,NA,NA,NA,NA,NA,NA,NA,NA,NA,NA,NA,NA,NA,NA,NA,NA,5,8:03,8:06,5.98366928,2.893625639,3.090043641,0.117436791
F8,28,NPY5R,26.86917305,26.9847908,0.163509548,C8,ACTB,20.81090164,20.74119186,0.098583162,SOSP28,2021,3/22/21,8:16,Rural,Stream,NA,NA,NA,NA,NA,NA,NA,NA,NA,NA,NA,NA,NA,NA,NA,NA,NA,NA,NA,3,8:19,8:21,6.24359894,2.893625639,3.349973301,0.098074827
F6,29,NPY5R,27.72772026,27.70391273,0.033668924,F8,ACTB,22.0744381,22.19191742,0.166142196,SOSP29,2021,3/22/21,8:54,Urban,SVT,NA,NA,NA,NA,NA,NA,NA,NA,NA,NA,NA,NA,NA,NA,NA,NA,NA,NA,NA,2,8:56,8:58,5.51199531,2.893625639,2.618369671,0.16285166
F2,31,NPY5R,26.76211548,26.80968475,0.067274459,B8,ACTB,20.11962318,20.11102676,0.012155825,06TEF22,2022,3/27/22,7:30,Urban,Radford,10.931507,29,1,3,TEF,Early,-0.919140446,-0.775489278,0.462839416,NA,NA,NA,NA,NA,NA,NA,NA,NA,NA,71,420,720,6.69865799,2.893625639,3.805032351,0.071543656
F2,31,NPY5R,26.76211548,26.80968475,0.067274459,B8,ACTB,20.11962318,20.11102676,0.012155825,06TEF22,2022,3/27/22,7:50,Urban,Radford,6.575342,35,0,0,TEF,Late,-0.703238935,0.342327108,-0.027810995,NA,NA,NA,NA,NA,NA,NA,NA,NA,NA,71,420,720,6.69865799,2.893625639,3.805032351,0.071543656
E12,32,NPY5R,27.28056717,27.27417946,0.009033587,D8,ACTB,20.71311569,20.78430367,0.100674994,08SJL22,2022,3/25/22,9:06,Rural,Heritage,4.273973,23,0,0,SJL,Early,-0.375787892,0.821881345,-0.169614067,20.5,1,3.76,22.9,4.17,6.48,8.24,21.88,62.86,60.51,32,3300,3600,6.48987579,2.893625639,3.596250151,0.082683877
E12,32,NPY5R,27.28056717,27.27417946,0.009033587,D8,ACTB,20.71311569,20.78430367,0.100674994,08SJL22,2022,3/25/22,9:31,Rural,Heritage,6.39726,20,0,0,SJL,Late,-0.677900462,0.379435472,-0.038783851,20.5,1,3.76,22.9,4.17,6.48,8.24,21.88,62.86,60.51,32,3300,3600,6.48987579,2.893625639,3.596250151,0.082683877
E10,33,NPY5R,27.89199448,27.83371353,0.082423054,E6,ACTB,20.55480957,20.5700016,0.021484777,10IJV22,2022,4/2/22,7:21,Urban,South VT,2.493151,20,12,10,IJV,Early,2.340780459,-0.60424777,-0.669242103,20.4,1,5.65,24.1,5.98,6.52,7.68,21.3,62.91,69.75,NA,NA,NA,7.26371193,2.893625639,4.370086291,0.048358514
E10,33,NPY5R,27.89199448,27.83371353,0.082423054,E6,ACTB,20.55480957,20.5700016,0.021484777,10IJV22,2022,4/2/22,7:50,Urban,South VT,3.917808,34,0,0,IJV,Late,-0.325110944,0.896098072,-0.191559781,20.4,1,5.65,24.1,5.98,6.52,7.68,21.3,62.91,69.75,NA,NA,NA,7.26371193,2.893625639,4.370086291,0.048358514
E8,34,NPY5R,29.9580822,30.01553917,0.081256427,E4,ACTB,23.05839729,23.07230759,0.019672126,06SJL22,2022,3/26/22,10:00,Rural,Kentland,8.295775,4,0,0,SJL,Early,-0.948031101,-0.016172651,0.078196551,21,1,2.96,22.12,5.39,6.71,8.46,59.26,63.74,20.5,33,2700,3180,6.94323158,2.893625639,4.049605941,0.060387513
E8,34,NPY5R,29.9580822,30.01553917,0.081256427,E4,ACTB,23.05839729,23.07230759,0.019672126,06SJL22,2022,3/22/22,10:23,Rural,Kentland,7.438356,29,0,0,SJL,Late,-0.826033076,0.16249427,0.025365158,21,1,2.96,22.12,5.39,6.71,8.46,59.26,63.74,20.5,33,2700,3180,6.94323158,2.893625639,4.049605941,0.060387513
E6,35,NPY5R,27.97097969,28.06932449,0.139080554,F8,ACTB,21.25430679,21.23674393,0.024836294,05SJL22,2022,3/22/22,7:31,Rural,Kentland,2.694444,11,10,3,SJL,Early,1.412621064,-0.198174998,-1.21888119,20.5,0,3.01,24.59,6.02,6.55,8.7,21.59,66.94,68.46,36,2940,3420,6.83258056,2.893625639,3.938954921,0.065201324
E6,35,NPY5R,27.97097969,28.06932449,0.139080554,F8,ACTB,21.25430679,21.23674393,0.024836294,05SJL22,2022,3/22/22,7:55,Rural,Kentland,1.493151,25,0,1,SJL,Late,0.111567305,1.373502254,-0.223392182,20.5,0,3.01,24.59,6.02,6.55,8.7,21.59,66.94,68.46,36,2940,3420,6.83258056,2.893625639,3.938954921,0.065201324
E4,36,NPY5R,27.6039772,27.62757683,0.033374909,F10,ACTB,20.84293747,20.87208557,0.04122299,10SJL22,2022,4/1/22,7:06,Rural,Heritage,1.547945,6,1,7,SJL,Early,0.782742944,1.068474193,0.354923327,21,0,4.42,20.65,5.66,6.2,8.13,20.98,67.43,59.2,34,3060,3420,6.75549126,2.893625639,3.861865621,0.068780069
E4,36,NPY5R,27.6039772,27.62757683,0.033374909,F10,ACTB,20.84293747,20.87208557,0.04122299,10SJL22,2022,4/1/22,7:31,Rural,Heritage,1.561644,22,1,1,SJL,Late,0.230682718,1.23266246,-0.349636195,21,0,4.42,20.65,5.66,6.2,8.13,20.98,67.43,59.2,34,3060,3420,6.75549126,2.893625639,3.861865621,0.068780069
E2,37,NPY5R,28.10886765,28.16038895,0.072863474,A12,ACTB,21.2016964,21.2182312,0.023383746,10TEF22,2022,4/2/22,9:40,Rural,Stream,8.356164,17,1,3,TEF,Early,-0.552707135,-0.238845252,0.304155025,21.3,NA,NA,NA,NA,NA,NA,NA,NA,NA,NA,38400,38760,6.94215775,2.893625639,4.048532111,0.060432477
E2,37,NPY5R,28.10886765,28.16038895,0.072863474,A12,ACTB,21.2016964,21.2182312,0.023383746,10TEF22,2022,4/2/22,10:02,Rural,Stream,10.684932,11,0,2,TEF,Late,-1.104602571,-0.569700662,0.460543308,21.3,NA,NA,NA,NA,NA,NA,NA,NA,NA,NA,38400,38760,6.94215775,2.893625639,4.048532111,0.060432477
C10,38,NPY5R,26.9395771,26.97256851,0.046656899,E12,ACTB,21.54802704,21.47690964,0.100573845,01SJL22,2022,3/15/22,7:50,Rural,Stream,5.227848,31,0,1,SJL,Early,-0.419825144,0.595274471,0.006727964,NA,NA,NA,NA,NA,NA,NA,NA,NA,NA,37,3120,3360,5.49565887,2.893625639,2.602033231,0.1647062
C10,38,NPY5R,26.9395771,26.97256851,0.046656899,E12,ACTB,21.54802704,21.47690964,0.100573845,01SJL22,2022,3/15/22,8:14,Rural,Stream,5.424658,36,0,0,SJL,Late,-0.539513413,0.582104227,-0.098712531,NA,NA,NA,NA,NA,NA,NA,NA,NA,NA,37,3120,3360,5.49565887,2.893625639,2.602033231,0.1647062
D10,39,NPY5R,28.31906891,28.32862091,0.013507222,G12,ACTB,20.19306564,20.16293144,0.042616196,04IJV22,2022,3/27/22,7:17,Urban,Radford,2.945205,29,6,8,IJV,Early,1.319923467,0.116639073,-0.0937364,20.7,2,5.43,22.83,5.16,6.98,7.05,22.3,12.47,71.42,48,29520,600,8.16568947,2.893625639,5.272063831,0.025879188
D10,39,NPY5R,28.31906891,28.32862091,0.013507222,G12,ACTB,20.19306564,20.16293144,0.042616196,04IJV22,2022,3/27/22,7:42,Urban,Radford,2.260274,36,0,0,IJV,Late,-0.089268229,1.241491301,-0.293691756,20.7,2,5.43,22.83,5.16,6.98,7.05,22.3,12.47,71.42,48,29520,600,8.16568947,2.893625639,5.272063831,0.025879188
D8,40,NPY5R,28.04681206,28.09609604,0.069696724,G2,ACTB,21.86030197,21.80980682,0.071412273,12SJL22,2022,4/2/22,9:24,Urban,North VT,1.479452,28,1,34,SJL,Early,3.267988517,0.331054235,3.525019143,21.2,0,4.22,22.74,5.14,6.32,8.11,20.05,65.01,67.39,33,3060,3540,6.28628922,2.893625639,3.392663581,0.095215247
D8,40,NPY5R,28.04681206,28.09609604,0.069696724,G2,ACTB,21.86030197,21.80980682,0.071412273,12SJL22,2022,4/2/22,9:48,Urban,North VT,3.684932,30,0,1,SJL,Late,-0.200290832,0.916783934,-0.088341637,21.2,0,4.22,22.74,5.14,6.32,8.11,20.05,65.01,67.39,33,3060,3540,6.28628922,2.893625639,3.392663581,0.095215247
D6,41,NPY5R,27.89849091,27.85821533,0.05695961,B8,ACTB,19.86289597,19.87732697,0.020409863,11IJV22,2022,4/2/22,9:37,Urban,South VT,2.90411,24,3,5,IJV,Early,0.664132311,0.588425959,-0.057577363,20.5,1,4.09,24.12,6.61,7.44,8.73,24.01,60.69,62.87,37,3720,4140,7.98088836,2.893625639,5.087262721,0.029415845
D6,41,NPY5R,27.89849091,27.85821533,0.05695961,B8,ACTB,19.86289597,19.87732697,0.020409863,11IJV22,2022,4/2/22,10:02,Urban,South VT,3.726027,36,0,0,IJV,Late,-0.297823357,0.936060925,-0.203376704,20.5,1,4.09,24.12,6.61,7.44,8.73,24.01,60.69,62.87,37,3720,4140,7.98088836,2.893625639,5.087262721,0.029415845
D2,43,NPY5R,27.53739166,27.52927399,0.011481476,G4,ACTB,20.60062218,20.59310913,0.010626401,11SJL22,2022,4/2/22,6:53,Urban,Radford,1.876712,14,9,17,SJL,Early,2.683703918,-0.29097692,0.507138812,20.6,1,5.06,22.6,5.34,6.48,8.09,21.19,65.65,67.95,35,2820,3300,6.93616486,2.893625639,4.042539221,0.060684033
D2,43,NPY5R,27.53739166,27.52927399,0.011481476,G4,ACTB,20.60062218,20.59310913,0.010626401,11SJL22,2022,4/2/22,7:17,Urban,Radford,4.684932,30,0,4,SJL,Late,-0.067520551,0.624884822,0.325976969,20.6,1,5.06,22.6,5.34,6.48,8.09,21.19,65.65,67.95,35,2820,3300,6.93616486,2.893625639,4.042539221,0.060684033
C12,44,NPY5R,27.40304947,27.42835617,0.035787731,B12,ACTB,20.08706856,20.07524109,0.016727915,03IJV22,2022,3/25/22,9:03,Rural,Heritage,4.684932,14,1,1,IJV,Early,-0.213715127,0.581838854,-0.157189168,20.6,2,5.61,23.2,5.92,6.86,7.66,20.78,62.04,71.88,31,3480,3840,7.35311508,2.893625639,4.459489441,0.045452724
C12,44,NPY5R,27.40304947,27.42835617,0.035787731,B12,ACTB,20.08706856,20.07524109,0.016727915,03IJV22,2022,3/25/22,9:28,Rural,Heritage,4.027397,34,0,0,IJV,Late,-0.340703851,0.873262156,-0.184807254,20.6,2,5.61,23.2,5.92,6.86,7.66,20.78,62.04,71.88,31,3480,3840,7.35311508,2.893625639,4.459489441,0.045452724
C10,45,NPY5R,28.03515625,28.04034042,0.007331529,F6,ACTB,21.57627296,21.6091423,0.046482917,07IJV22,2022,3/29/22,9:20,Urban,North VT,7.479452,1,0,0,IJV,Early,-0.831880417,0.153930801,0.027897355,18.3,1,4.35,23.17,6.28,7.32,8.13,22.2,60.25,66.02,43,3300,3840,6.43119812,2.893625639,3.537572481,0.086116143
C10,45,NPY5R,28.03515625,28.04034042,0.007331529,F6,ACTB,21.57627296,21.6091423,0.046482917,07IJV22,2022,3/29/22,9:45,Urban,North VT,2.219178,6,10,0,IJV,Late,1.205188912,-0.015618693,-1.600867382,18.3,1,4.35,23.17,6.28,7.32,8.13,22.2,60.25,66.02,43,3300,3840,6.43119812,2.893625639,3.537572481,0.086116143
C8,46,NPY5R,28.29388237,28.34771729,0.076132715,F12,ACTB,20.2314167,20.3733139,0.200671598,07SJL22,2022,3/25/22,7:31,Rural,Heritage,1.835616,27,4,6,SJL,Early,1.036709318,0.656668334,-0.136311582,19.5,0,2.93,23.02,5.17,6.05,8.73,20.35,64.05,68.68,42,3660,4200,7.97440339,2.893625639,5.080777751,0.029548368
C8,46,NPY5R,28.29388237,28.34771729,0.076132715,F12,ACTB,20.2314167,20.3733139,0.200671598,07SJL22,2022,3/26/22,7:55,Rural,Heritage,7.561644,22,0,0,SJL,Late,-0.843575097,0.136803864,0.032961751,19.5,0,2.93,23.02,5.17,6.05,8.73,20.35,64.05,68.68,42,3660,4200,7.97440339,2.893625639,5.080777751,0.029548368
C6,47,NPY5R,27.81183434,27.88790894,0.107587077,C12,ACTB,22.38691902,22.35404968,0.046485614,02SJL22,2022,3/15/22,9:54,Rural,Stream,2.113924,37,1,8,SJL,Early,0.793897674,0.922696345,0.507364403,NA,NA,NA,NA,NA,NA,NA,NA,NA,NA,32,2820,3120,5.53385926,2.893625639,2.640233621,0.160402261
C6,47,NPY5R,27.81183434,27.88790894,0.107587077,C12,ACTB,22.38691902,22.35404968,0.046485614,02SJL22,2022,3/16/22,10:18,Rural,Stream,1.876712,7,12,31,SJL,Late,4.353879454,-1.060445391,1.761687489,NA,NA,NA,NA,NA,NA,NA,NA,NA,NA,32,2820,3120,5.53385926,2.893625639,2.640233621,0.160402261
C4,48,NPY5R,28.14359856,28.13307953,0.014874803,H10,ACTB,19.46878815,19.53264236,0.090304852,04TEF22,2022,3/22/22,8:13,Rural,Kentland,3.342466,24,6,21,TEF,Early,2.455306591,-0.328067095,1.459115952,21.5,1,4.77,24.42,5.27,5.72,8.7,23.05,62.16,64.47,47,1620,2040,8.60043717,2.893625639,5.706811531,0.019146022
C4,48,NPY5R,28.14359856,28.13307953,0.014874803,H10,ACTB,19.46878815,19.53264236,0.090304852,04TEF22,2022,3/23/22,8:46,Rural,Kentland,10,44,0,2,TEF,Late,-1.007146903,-0.426976186,0.418340012,21.5,1,4.77,24.42,5.27,5.72,8.7,23.05,62.16,64.47,47,1620,2040,8.60043717,2.893625639,5.706811531,0.019146022
B12,50,NPY5R,26.94632339,26.97881126,0.045944784,G4,ACTB,21.58335304,21.59743881,0.019918937,07TEF22,2022,3/28/22,8:01,Urban,North VT,2.534247,19,2,0,TEF,Late,0.129471465,0.931266819,-0.537739123,19.5,0,5.46,21.96,5.41,5.98,9.15,21.58,57.93,62.02,37,3480,3840,5.38137245,2.893625639,2.487746811,0.1782845
B12,50,NPY5R,26.94632339,26.97881126,0.045944784,G4,ACTB,21.58335304,21.59743881,0.019918937,07TEF22,2022,3/28/22,7:36,Urban,North VT,1.452055,8,12,4,TEF,Early,1.938801962,-0.220263811,-1.4387947,19.5,0,5.46,21.96,5.41,5.98,9.15,21.58,57.93,62.02,37,3480,3840,5.38137245,2.893625639,2.487746811,0.1782845
B4,54,NPY5R,27.04672813,27.05144882,0.00667741,C4,ACTB,22.59887314,22.67014503,0.100793682,05IJV22,2022,3/27/22,9:15,Urban,Radford,10.684932,6,0,0,IJV,Early,-1.287972942,-0.514019743,0.225408778,21,0,3.57,24.59,5.69,6.74,7.36,21.83,63.43,64,35,840,1140,4.38130379,2.893625639,1.487678151,0.356585971
B4,54,NPY5R,27.04672813,27.05144882,0.00667741,C4,ACTB,22.59887314,22.67014503,0.100793682,05IJV22,2022,3/27/22,9:39,Urban,Radford,7.780822,18,0,0,IJV,Late,-0.87476091,0.091132032,0.046466805,21,0,3.57,24.59,5.69,6.74,7.36,21.83,63.43,64,35,840,1140,4.38130379,2.893625639,1.487678151,0.356585971
B2,55,NPY5R,28.0084877,28.07455063,0.093425736,D12,ACTB,21.69648743,21.55125809,0.205386654,09SJL22,2022,3/27/22,7:10,Urban,Radford,5.630137,1,0,5,SJL,Early,-0.110324187,0.400084587,0.501784781,18.5,0,NA,25.58,4.9,6.85,8.58,21.09,63.37,67.92,33,2940,3420,6.52329254,2.893625639,3.629666901,0.080790703
B2,55,NPY5R,28.0084877,28.07455063,0.093425736,D12,ACTB,21.69648743,21.55125809,0.205386654,09SJL22,2022,3/27/22,7:34,Urban,Radford,1.958904,9,2,1,SJL,Late,0.303019411,1.023314918,-0.455622627,18.5,0,NA,25.58,4.9,6.85,8.58,21.09,63.37,67.92,33,2940,3420,6.52329254,2.893625639,3.629666901,0.080790703
A8,58,NPY5R,29.60946274,29.65016556,0.05756383,A6,ACTB,24.36116028,24.36899185,0.011075517,02IJV22,2022,3/22/22,9:29,Rural,Kentland,2.726027,0,2,3,IJV,Early,0.377239434,0.807782587,-0.173220407,19.5,2,3.92,21.86,5.59,6.83,8.5,21.3,63.12,74.28,NA,NA,NA,5.28117371,2.893625639,2.387548071,0.191106921
A8,58,NPY5R,29.60946274,29.65016556,0.05756383,A6,ACTB,24.36116028,24.36899185,0.011075517,02IJV22,2022,3/22/22,9:54,Rural,Kentland,10.643836,32,0,0,IJV,Late,-1.282125602,-0.505456274,0.222876581,19.5,2,3.92,21.86,5.59,6.83,8.5,21.3,63.12,74.28,NA,NA,NA,5.28117371,2.893625639,2.387548071,0.191106921
A6,59,NPY5R,26.84942055,26.86856842,0.027077833,B8,ACTB,22.57281876,22.51968765,0.075137377,02TEF22,2022,3/19/22,8:00,Urban,South VT,5.123288,26,1,0,TEF,Early,-0.36777194,0.518335649,-0.247746324,20,1,3.11,21.86,4.78,5.25,7.94,20.86,63.97,63.63,47,1140,1500,4.34888077,2.893625639,1.455255131,0.364690587
A6,59,NPY5R,26.84942055,26.86856842,0.027077833,B8,ACTB,22.57281876,22.51968765,0.075137377,02TEF22,2022,3/19/22,8:00,Urban,South VT,6.657534,28,0,0,TEF,Late,-0.714933615,0.325200171,-0.022746599,20,1,3.11,21.86,4.78,5.25,7.94,20.86,63.97,63.63,47,1140,1500,4.34888077,2.893625639,1.455255131,0.364690587
A4,60,NPY5R,27.28712273,27.41201019,0.176618904,B8,ACTB,23.0494442,23.08588409,0.051535144,09IJV22,2022,4/1/22,9:26,Urban,North VT,NA,NA,NA,NA,NA,Early,NA,NA,NA,23,3,5.34,24.27,5.81,7.3,9.21,20.24,62,66.78,29,3120,3420,4.3261261,2.893625639,1.432500461,0.37048821
A4,60,NPY5R,27.28712273,27.41201019,0.176618904,B8,ACTB,23.0494442,23.08588409,0.051535144,09IJV22,2022,4/1/22,9:50,Urban,North VT,NA,NA,NA,NA,NA,Late,NA,NA,NA,23,3,5.34,24.27,5.81,7.3,9.21,20.24,62,66.78,29,3120,3420,4.3261261,2.893625639,1.432500461,0.37048821