SAMPLE,ID,Date,Time,Habitat,Location,Distance..m.,No..Broadcast.Songs,No..soft.songs,Wing.wave,Score.person,TRIAL,mal.agg.score.no.b.PC1,mal.agg.score.no.b.PC2,mal.agg.score.no.b.PC3,mass,fat,cp,head,bill width,bill depth,bill length,tarsus,wing chord,tail,Playback exposure (mins),Sacrifice Time,Brain on Ice
1,SOSP01,3/13/21,NA,Urban,NVT,NA,NA,NA,NA,NA,NA,NA,NA,NA,NA,NA,NA,NA,NA,NA,NA,NA,NA,NA,NA,NA,10 mins
2,SOSP02,3/13/21,7:15,Urban,NVT,NA,NA,NA,NA,NA,NA,NA,NA,NA,NA,NA,NA,NA,NA,NA,NA,NA,NA,NA,NA,NA,7:24
3,SOSP03,3/13/21,8:08,Urban,SVT,NA,NA,NA,NA,NA,NA,NA,NA,NA,NA,NA,NA,NA,NA,NA,NA,NA,NA,NA,NA,NA,8:15
4,SOSP04,3/13/21,8:40,Urban,SVT,NA,NA,NA,NA,NA,NA,NA,NA,NA,NA,NA,NA,NA,NA,NA,NA,NA,NA,NA,4,8:44,8:50
5,SOSP05,3/13/21,9:33,Urban,VT,NA,NA,NA,NA,NA,NA,NA,NA,NA,NA,NA,NA,NA,NA,NA,NA,NA,NA,NA,2,9:35,9:37
6,SOSP06,3/14/21,7:54,Rural,Stream,NA,NA,NA,NA,NA,NA,NA,NA,NA,NA,NA,NA,NA,NA,NA,NA,NA,NA,NA,3,7:57,8:00
7,SOSP07,3/14/21,8:07,Rural,Stream,NA,NA,NA,NA,NA,NA,NA,NA,NA,NA,NA,NA,NA,NA,NA,NA,NA,NA,NA,3,8:10,8:17
8,SOSP08,3/14/21,9:08,Rural,Stream,NA,NA,NA,NA,NA,NA,NA,NA,NA,NA,NA,NA,NA,NA,NA,NA,NA,NA,NA,2,9:10,9:15
9,SOSP09,3/14/21,9:30,Rural,Stream,NA,NA,NA,NA,NA,NA,NA,NA,NA,NA,NA,NA,NA,NA,NA,NA,NA,NA,NA,4,9:34,9:38
10,SOSP10,3/15/21,9:08,Urban,SVT,NA,NA,NA,NA,NA,NA,NA,NA,NA,NA,NA,NA,NA,NA,NA,NA,NA,NA,NA,2,9:10,9:16
11,SOSP11,3/16/21,9:45,Rural,Hert,NA,NA,NA,NA,NA,NA,NA,NA,NA,NA,NA,NA,NA,NA,NA,NA,NA,NA,NA,3,9:48,9:53
12,SOSP12,3/16/21,8:54,Rural,Hert,NA,NA,NA,NA,NA,NA,NA,NA,NA,NA,NA,NA,NA,NA,NA,NA,NA,NA,NA,3,8:57,9:02
13,SOSP13,3/17/21,7:08,Rural,Kent,NA,NA,NA,NA,NA,NA,NA,NA,NA,NA,NA,NA,NA,NA,NA,NA,NA,NA,NA,3,7:11,7:16
14,SOSP14,3/17/21,7:19,Rural,Kent,NA,NA,NA,NA,NA,NA,NA,NA,NA,NA,NA,NA,NA,NA,NA,NA,NA,NA,NA,3,7:22,7:27
15,SOSP15,3/17/21,7:44,Rural,Kent,NA,NA,NA,NA,NA,NA,NA,NA,NA,NA,NA,NA,NA,NA,NA,NA,NA,NA,NA,4,7:48,7:53
16,SOSP16,3/17/21,7:57,Rural,Kent,NA,NA,NA,NA,NA,NA,NA,NA,NA,NA,NA,NA,NA,NA,NA,NA,NA,NA,NA,3,8:00,8:05
17,SOSP17,3/17/21,8:21,Rural,Kent,NA,NA,NA,NA,NA,NA,NA,NA,NA,NA,NA,NA,NA,NA,NA,NA,NA,NA,NA,3,8:24,8:29
18,SOSP18,3/20/21,7:33,Urban,Rad,NA,NA,NA,NA,NA,NA,NA,NA,NA,NA,NA,NA,NA,NA,NA,NA,NA,NA,NA,3,7:36,7:41
19,SOSP19,3/20/21,8:16,Urban,Rad,NA,NA,NA,NA,NA,NA,NA,NA,NA,NA,NA,NA,NA,NA,NA,NA,NA,NA,NA,4,8:20,8:24
20,SOSP20,3/20/21,8:55,Urban,Rad,NA,NA,NA,NA,NA,NA,NA,NA,NA,NA,NA,NA,NA,NA,NA,NA,NA,NA,NA,2,8:57,9:01
21,SOSP21,3/20/21,9:45,Urban,Rad,NA,NA,NA,NA,NA,NA,NA,NA,NA,NA,NA,NA,NA,NA,NA,NA,NA,NA,NA,3,9:48,9:53
22,SOSP22,3/21/21,7:30,Urban,SVT,NA,NA,NA,NA,NA,NA,NA,NA,NA,NA,NA,NA,NA,NA,NA,NA,NA,NA,NA,24,7:54,7:58
23,SOSP23,3/21/21,7:51,Urban,SVT,NA,NA,NA,NA,NA,NA,NA,NA,NA,NA,NA,NA,NA,NA,NA,NA,NA,NA,NA,4,7:55,8:00
24,SOSP24,3/21/21,9:12,Urban,NVT,NA,NA,NA,NA,NA,NA,NA,NA,NA,NA,NA,NA,NA,NA,NA,NA,NA,NA,NA,3,9:15,9:19
25,SOSP25,3/22/21,7:03,Rural,Hert,NA,NA,NA,NA,NA,NA,NA,NA,NA,NA,NA,NA,NA,NA,NA,NA,NA,NA,NA,4,7:07,7:10
26,SOSP26,3/22/21,7:15,Rural,Hert,NA,NA,NA,NA,NA,NA,NA,NA,NA,NA,NA,NA,NA,NA,NA,NA,NA,NA,NA,4,7:19,7:24
27,SOSP27,3/22/21,7:58,Rural,Stream,NA,NA,NA,NA,NA,NA,NA,NA,NA,NA,NA,NA,NA,NA,NA,NA,NA,NA,NA,5,8:03,8:06
28,SOSP28,3/22/21,8:16,Rural,Stream,NA,NA,NA,NA,NA,NA,NA,NA,NA,NA,NA,NA,NA,NA,NA,NA,NA,NA,NA,3,8:19,8:21
29,SOSP29,3/22/21,8:54,Urban,SVT,NA,NA,NA,NA,NA,NA,NA,NA,NA,NA,NA,NA,NA,NA,NA,NA,NA,NA,NA,2,8:56,8:58
30,SOSP30,3/22/21,9:14,Urban,SVT,NA,NA,NA,NA,NA,NA,NA,NA,NA,NA,NA,NA,NA,NA,NA,NA,NA,NA,NA,8,9:22,9:25
31,06TEF22,3/27/22,7:30,Urban,Radford,10.931507,29,1,3,TEF,Early,-0.919140446,-0.775489278,0.462839416,NA,NA,NA,NA,NA,NA,NA,NA,NA,NA,71,420,720
31,06TEF22,3/27/22,7:50,Urban,Radford,6.575342,35,0,0,TEF,Late,-0.703238935,0.342327108,-0.027810995,NA,NA,NA,NA,NA,NA,NA,NA,NA,NA,71,420,720
32,08SJL22,3/25/22,9:06,Rural,Heritage,4.273973,23,0,0,SJL,Early,-0.375787892,0.821881345,-0.169614067,20.5,1,3.76,22.9,4.17,6.48,8.24,21.88,62.86,60.51,32,3300,3600
32,08SJL22,3/25/22,9:31,Rural,Heritage,6.39726,20,0,0,SJL,Late,-0.677900462,0.379435472,-0.038783851,20.5,1,3.76,22.9,4.17,6.48,8.24,21.88,62.86,60.51,32,3300,3600
33,10IJV22,4/2/22,7:21,Urban,South VT,2.493151,20,12,10,IJV,Early,2.340780459,-0.60424777,-0.669242103,20.4,1,5.65,24.1,5.98,6.52,7.68,21.3,62.91,69.75,NA,NA,NA
33,10IJV22,4/2/22,7:50,Urban,South VT,3.917808,34,0,0,IJV,Late,-0.325110944,0.896098072,-0.191559781,20.4,1,5.65,24.1,5.98,6.52,7.68,21.3,62.91,69.75,NA,NA,NA
34,06SJL22,3/26/22,10:00,Rural,Kentland,8.295775,4,0,0,SJL,Early,-0.948031101,-0.016172651,0.078196551,21,1,2.96,22.12,5.39,6.71,8.46,59.26,63.74,20.5,33,2700,3180
34,06SJL22,3/22/22,10:23,Rural,Kentland,7.438356,29,0,0,SJL,Late,-0.826033076,0.16249427,0.025365158,21,1,2.96,22.12,5.39,6.71,8.46,59.26,63.74,20.5,33,2700,3180
35,05SJL22,3/22/22,7:31,Rural,Kentland,2.694444,11,10,3,SJL,Early,1.412621064,-0.198174998,-1.21888119,20.5,0,3.01,24.59,6.02,6.55,8.7,21.59,66.94,68.46,36,2940,3420
35,05SJL22,3/22/22,7:55,Rural,Kentland,1.493151,25,0,1,SJL,Late,0.111567305,1.373502254,-0.223392182,20.5,0,3.01,24.59,6.02,6.55,8.7,21.59,66.94,68.46,36,2940,3420
36,10SJL22,4/1/22,7:06,Rural,Heritage,1.547945,6,1,7,SJL,Early,0.782742944,1.068474193,0.354923327,21,0,4.42,20.65,5.66,6.2,8.13,20.98,67.43,59.2,34,3060,3420
36,10SJL22,4/1/22,7:31,Rural,Heritage,1.561644,22,1,1,SJL,Late,0.230682718,1.23266246,-0.349636195,21,0,4.42,20.65,5.66,6.2,8.13,20.98,67.43,59.2,34,3060,3420
37,10TEF22,4/2/22,9:40,Rural,Stream,8.356164,17,1,3,TEF,Early,-0.552707135,-0.238845252,0.304155025,21.3,NA,NA,NA,NA,NA,NA,NA,NA,NA,NA,38400,38760
37,10TEF22,4/2/22,10:02,Rural,Stream,10.684932,11,0,2,TEF,Late,-1.104602571,-0.569700662,0.460543308,21.3,NA,NA,NA,NA,NA,NA,NA,NA,NA,NA,38400,38760
38,01SJL22,3/15/22,7:50,Rural,Stream,5.227848,31,0,1,SJL,Early,-0.419825144,0.595274471,0.006727964,NA,NA,NA,NA,NA,NA,NA,NA,NA,NA,37,3120,3360
38,01SJL22,3/15/22,8:14,Rural,Stream,5.424658,36,0,0,SJL,Late,-0.539513413,0.582104227,-0.098712531,NA,NA,NA,NA,NA,NA,NA,NA,NA,NA,37,3120,3360
39,04IJV22,3/27/22,7:17,Urban,Radford,2.945205,29,6,8,IJV,Early,1.319923467,0.116639073,-0.0937364,20.7,2,5.43,22.83,5.16,6.98,7.05,22.3,12.47,71.42,48,29520,600
39,04IJV22,3/27/22,7:42,Urban,Radford,2.260274,36,0,0,IJV,Late,-0.089268229,1.241491301,-0.293691756,20.7,2,5.43,22.83,5.16,6.98,7.05,22.3,12.47,71.42,48,29520,600
40,12SJL22,4/2/22,9:24,Urban,North VT,1.479452,28,1,34,SJL,Early,3.267988517,0.331054235,3.525019143,21.2,0,4.22,22.74,5.14,6.32,8.11,20.05,65.01,67.39,33,3060,3540
40,12SJL22,4/2/22,9:48,Urban,North VT,3.684932,30,0,1,SJL,Late,-0.200290832,0.916783934,-0.088341637,21.2,0,4.22,22.74,5.14,6.32,8.11,20.05,65.01,67.39,33,3060,3540
41,11IJV22,4/2/22,9:37,Urban,South VT,2.90411,24,3,5,IJV,Early,0.664132311,0.588425959,-0.057577363,20.5,1,4.09,24.12,6.61,7.44,8.73,24.01,60.69,62.87,37,3720,4140
41,11IJV22,4/2/22,10:02,Urban,South VT,3.726027,36,0,0,IJV,Late,-0.297823357,0.936060925,-0.203376704,20.5,1,4.09,24.12,6.61,7.44,8.73,24.01,60.69,62.87,37,3720,4140
42,01TEF22,3/15/22,8:24,Rural,Stream,9.273973,38,0,0,TEF,Early,-1.087214266,-0.220007323,0.138469989,NA,NA,NA,NA,NA,NA,NA,NA,NA,NA,70,660,1260
42,01TEF22,3/15/22,8:48,Rural,Stream,6.109589,36,0,0,TEF,Late,-0.636969081,0.439379751,-0.056509235,NA,NA,NA,NA,NA,NA,NA,NA,NA,NA,70,660,1260
43,11SJL22,4/2/22,6:53,Urban,Radford,1.876712,14,9,17,SJL,Early,2.683703918,-0.29097692,0.507138812,20.6,1,5.06,22.6,5.34,6.48,8.09,21.19,65.65,67.95,35,2820,3300
43,11SJL22,4/2/22,7:17,Urban,Radford,4.684932,30,0,4,SJL,Late,-0.067520551,0.624884822,0.325976969,20.6,1,5.06,22.6,5.34,6.48,8.09,21.19,65.65,67.95,35,2820,3300
44,03IJV22,3/25/22,9:03,Rural,Heritage,4.684932,14,1,1,IJV,Early,-0.213715127,0.581838854,-0.157189168,20.6,2,5.61,23.2,5.92,6.86,7.66,20.78,62.04,71.88,31,3480,3840
44,03IJV22,3/25/22,9:28,Rural,Heritage,4.027397,34,0,0,IJV,Late,-0.340703851,0.873262156,-0.184807254,20.6,2,5.61,23.2,5.92,6.86,7.66,20.78,62.04,71.88,31,3480,3840
45,07IJV22,3/29/22,9:20,Urban,North VT,7.479452,1,0,0,IJV,Early,-0.831880417,0.153930801,0.027897355,18.3,1,4.35,23.17,6.28,7.32,8.13,22.2,60.25,66.02,43,3300,3840
45,07IJV22,3/29/22,9:45,Urban,North VT,2.219178,6,10,0,IJV,Late,1.205188912,-0.015618693,-1.600867382,18.3,1,4.35,23.17,6.28,7.32,8.13,22.2,60.25,66.02,43,3300,3840
46,07SJL22,3/25/22,7:31,Rural,Heritage,1.835616,27,4,6,SJL,Early,1.036709318,0.656668334,-0.136311582,19.5,0,2.93,23.02,5.17,6.05,8.73,20.35,64.05,68.68,42,3660,4200
46,07SJL22,3/26/22,7:55,Rural,Heritage,7.561644,22,0,0,SJL,Late,-0.843575097,0.136803864,0.032961751,19.5,0,2.93,23.02,5.17,6.05,8.73,20.35,64.05,68.68,42,3660,4200
47,02SJL22,3/15/22,9:54,Rural,Stream,2.113924,37,1,8,SJL,Early,0.793897674,0.922696345,0.507364403,NA,NA,NA,NA,NA,NA,NA,NA,NA,NA,32,2820,3120
47,02SJL22,3/16/22,10:18,Rural,Stream,1.876712,7,12,31,SJL,Late,4.353879454,-1.060445391,1.761687489,NA,NA,NA,NA,NA,NA,NA,NA,NA,NA,32,2820,3120
48,04TEF22,3/22/22,8:13,Rural,Kentland,3.342466,24,6,21,TEF,Early,2.455306591,-0.328067095,1.459115952,21.5,1,4.77,24.42,5.27,5.72,8.7,23.05,62.16,64.47,47,1620,2040
48,04TEF22,3/23/22,8:46,Rural,Kentland,10,44,0,2,TEF,Late,-1.007146903,-0.426976186,0.418340012,21.5,1,4.77,24.42,5.27,5.72,8.7,23.05,62.16,64.47,47,1620,2040
49,05TEF22,3/21/22,9:57,Rural,Kentland,6.863014,10,5,3,TEF,Early,0.175190141,-0.433975281,-0.309705531,21,1,3.45,24.2,4.91,6.03,8.7,22.14,62.19,65.63,40,780,NA
49,05TEF22,3/21/22,10:21,Rural,Kentland,6.876712,26,0,0,TEF,Late,-0.746119429,0.279528339,-0.009241545,21,1,3.45,24.2,4.91,6.03,8.7,22.14,62.19,65.63,40,780,NA
50,07TEF22,3/28/22,8:01,Urban,North VT,2.534247,19,2,0,TEF,Late,0.129471465,0.931266819,-0.537739123,19.5,0,5.46,21.96,5.41,5.98,9.15,21.58,57.93,62.02,37,3480,3840
50,07TEF22,3/28/22,7:36,Urban,North VT,1.452055,8,12,4,TEF,Early,1.938801962,-0.220263811,-1.4387947,19.5,0,5.46,21.96,5.41,5.98,9.15,21.58,57.93,62.02,37,3480,3840
51,01IJV22,3/15/22,9:18,Rural,Stream,15.616438,4,2,1,IJV,Early,-1.64024661,-1.822611124,0.385911087,NA,NA,NA,NA,NA,NA,NA,NA,NA,NA,34,10:05,3276
51,01IJV22,3/15/22,9:42,Rural,Stream,8.232877,39,0,0,IJV,Late,-0.939081651,-0.003066121,0.07432098,NA,NA,NA,NA,NA,NA,NA,NA,NA,NA,34,10:05,3276
52,03SJL22,3/19/22,7:59,Urban,South VT,6.986301,16,3,3,SJL,Early,-0.100073839,-0.206530994,-0.041180252,21.5,1,3.96,23.38,5.22,6.55,8.21,27.57,64.55,63.96,38,4020,4320
52,03SJL22,3/18/22,8:24,Urban,South VT,11.465753,25,0,1,SJL,Late,-1.307387217,-0.704566102,0.391087799,21.5,1,3.96,23.38,5.22,6.55,8.21,27.57,64.55,63.96,38,4020,4320
53,06IJV22,3/29/22,7:33,Urban,North VT,6.232877,21,9,1,IJV,Early,0.596922905,-0.75325723,-1.105524463,19.5,0,4.46,24.25,6.49,6.64,8.37,21.83,63.03,63.52,36,4020,4380
53,06IJV22,3/29/22,7:58,Urban,North VT,7.60274,38,0,1,IJV,Late,-0.757737251,0.100399936,0.153061213,19.5,0,4.46,24.25,6.49,6.64,8.37,21.83,63.03,63.52,36,4020,4380
54,05IJV22,3/27/22,9:15,Urban,Radford,10.684932,6,0,0,IJV,Early,-1.287972942,-0.514019743,0.225408778,21,0,3.57,24.59,5.69,6.74,7.36,21.83,63.43,64,35,840,1140
54,05IJV22,3/27/22,9:39,Urban,Radford,7.780822,18,0,0,IJV,Late,-0.87476091,0.091132032,0.046466805,21,0,3.57,24.59,5.69,6.74,7.36,21.83,63.43,64,35,840,1140
55,09SJL22,3/27/22,7:10,Urban,Radford,5.630137,1,0,5,SJL,Early,-0.110324187,0.400084587,0.501784781,18.5,0,NA,25.58,4.9,6.85,8.58,21.09,63.37,67.92,33,2940,3420
55,09SJL22,3/27/22,7:34,Urban,Radford,1.958904,9,2,1,SJL,Late,0.303019411,1.023314918,-0.455622627,18.5,0,NA,25.58,4.9,6.85,8.58,21.09,63.37,67.92,33,2940,3420
56,08IJV22,4/1/22,7:30,Rural,Heritage,9.041096,25,0,0,IJV,Early,-1.054079339,-0.171481002,0.124120869,24.38,3,4.24,23.79,5.9,7.49,8.64,23.34,62.15,68.55,38,3840,4200
56,08IJV22,4/1/22,7:55,Rural,Heritage,10.109589,0,0,0,IJV,Late,-1.206110175,-0.394131174,0.189958007,24.38,3,4.24,23.79,5.9,7.49,8.64,23.34,62.15,68.55,38,3840,4200
57,04SJL22,3/18/22,9:59,Urban,South VT,6.739726,11,18,10,SJL,Early,2.5097212,-2.248543593,-1.190367728,19.5,0,2.96,24.17,5.63,6.65,8.86,19.23,64.91,65.73,37,840,1200
57,04SJL22,3/18/22,10:26,Urban,South VT,6.821918,25,0,2,SJL,Late,-0.554952605,0.235265378,0.222516721,19.5,0,2.96,24.17,5.63,6.65,8.86,19.23,64.91,65.73,37,840,1200
58,02IJV22,3/22/22,9:29,Rural,Kentland,2.726027,0,2,3,IJV,Early,0.377239434,0.807782587,-0.173220407,19.5,2,3.92,21.86,5.59,6.83,8.5,21.3,63.12,74.28,NA,NA,NA
58,02IJV22,3/22/22,9:54,Rural,Kentland,10.643836,32,0,0,IJV,Late,-1.282125602,-0.505456274,0.222876581,19.5,2,3.92,21.86,5.59,6.83,8.5,21.3,63.12,74.28,NA,NA,NA
59,02TEF22,3/19/22,8:00,Urban,South VT,5.123288,26,1,0,TEF,Early,-0.36777194,0.518335649,-0.247746324,20,1,3.11,21.86,4.78,5.25,7.94,20.86,63.97,63.63,47,1140,1500
59,02TEF22,3/19/22,8:00,Urban,South VT,6.657534,28,0,0,TEF,Late,-0.714933615,0.325200171,-0.022746599,20,1,3.11,21.86,4.78,5.25,7.94,20.86,63.97,63.63,47,1140,1500
60,09IJV22,4/1/22,9:26,Urban,North VT,NA,NA,NA,NA,NA,Early,NA,NA,NA,23,3,5.34,24.27,5.81,7.3,9.21,20.24,62,66.78,29,3120,3420
60,09IJV22,4/1/22,9:50,Urban,North VT,NA,NA,NA,NA,NA,Late,NA,NA,NA,23,3,5.34,24.27,5.81,7.3,9.21,20.24,62,66.78,29,3120,3420