"","X","Well.x","SAMPLE","GENE.x","ct","ct.mean","ct.sd","Well.y","GENE.y","actb._C","actb.mean","actb.SD","ID","Year","Date","Time","Habitat","Location","Distance..m.","No..Broadcast.Songs","No..soft.songs","Wing.wave","Score.person","TRIAL","mal.agg.score.no.b.PC1","mal.agg.score.no.b.PC2","mal.agg.score.no.b.PC3","mass","fat","cp","head","bill.width","bill.depth","bill.length","tarsus","wing.chord","tail","Playback.exposure..mins.","Sacrifice.Time","Brain.on.Ice","delta.ct","delta.ctmean","dd.ct","RQ","NPY","NPY1R","NPY2R","NPY5R","npy.genes.Dim.1","npy.genes.Dim.2","npy.genes.Dim.3","npy.genes.Dim.4","male.aggression","agg.t","day","mean.cent.day","AGG.late.Dim.1","AGG.late.Dim.2","AGG.late.Dim.3"
"1", 1,"E4",31,"NPY",22.55604,22.56342,0.010429490,"B8","ACTB",20.11962,20.11103,0.01215583,"06TEF22",2022,0022-03-27,"7:50","Urban","Radford", 6.575342,35, 0, 0,"TEF","Late",-0.70323894, 0.34232711,-0.02781100,NA,NA,NA,NA,NA,NA,NA,NA,NA,NA,71,  420,  720, 2.4523888,1.836385, 0.6160036,0.6524759, 0.6160036,NA, 1.1775223,3.805032, 0.18167413, 0.7435329, 0.053434105, 0.0015911756,0.5967611,-0.516238480,86,  0.5217391,-6.725868e-01, 2.364442e-01, 1.368401e-02
"2", 2,"E6",32,"NPY",23.01381,23.08393,0.099163108,"D8","ACTB",20.71312,20.78430,0.10067499,"08SJL22",2022,0022-03-25,"9:31","Rural","Heritage", 6.397260,20, 0, 0,"SJL","Late",-0.67790046, 0.37943547,-0.03878385,20.5, 1,3.76,22.90,4.17,6.48,8.24,21.88,62.86,60.51,32, 3300, 3600, 2.2996235,1.836385, 0.4632383,0.7253563, 0.4632383,-0.05857959, 0.8265358,3.596250,-0.16953294, 0.5369580, 0.109802421,-0.0008207162,0.6220995,-0.474655167,84, -1.4782609,-6.452339e-01, 1.816986e-01, 6.842923e-04
"3", 3,"C6",33,"NPY",21.62510,21.64794,0.032305390,"E6","ACTB",20.55481,20.57000,0.02148478,"10IJV22",2022,0022-04-02,"7:50","Urban","South VT", 3.917808,34, 0, 0,"IJV","Late",-0.32511094, 0.89609807,-0.19155978,20.4, 1,5.65,24.10,5.98,6.52,7.68,21.30,62.91,69.75,NA,NA,NA, 1.0779400,1.836385,-0.7584452,1.6916665,-0.7584452, 0.94606481, 2.2976815,4.370086, 1.14032539,-0.5537452, 0.091384469, 0.0121496367,0.9748891,-0.025431599,92,  6.5217391,-2.643972e-01,-5.805296e-01,-1.803120e-01
"4", 4,"E8",34,"NPY",24.65078,24.65267,0.002683911,"E4","ACTB",23.05840,23.07231,0.01967213,"06SJL22",2022,0022-03-22,"10:23","Rural","Kentland", 7.438356,29, 0, 0,"SJL","Late",-0.82603308, 0.16249427, 0.02536516,21.0, 1,2.96,22.12,5.39,6.71,8.46,59.26,63.74,20.50,33, 2700, 3180, 1.5803661,1.836385,-0.2560191,1.1941790,-0.2560191,NA, 1.4274327,4.049606, 0.46748567,-0.1146115, 0.144581553,-0.0857492098,0.4739669,-0.746617749,81, -4.4782609,-8.051432e-01, 5.017503e-01, 7.668274e-02
"5", 5,"D4",35,"NPY",23.70158,23.55954,0.200871199,"F8","ACTB",21.25431,21.23674,0.02483629,"05SJL22",2022,0022-03-22,"7:55","Rural","Kentland", 1.493151,25, 0, 1,"SJL","Late", 0.11156731, 1.37350225,-0.22339218,20.5, 0,3.01,24.59,6.02,6.55,8.70,21.59,66.94,68.46,36, 2940, 3420, 2.3227997,1.836385, 0.4864145,0.7137969, 0.4864145, 1.48130117, 1.1327359,3.938955, 0.54543423, 0.7257940,-0.287848457,-0.2646948710,1.4115673, 0.344700654,81, -4.4782609, 2.054917e-01,-1.252801e+00,-4.601196e-01
"6", 6,"D6",36,"NPY",23.60734,23.49437,0.159765557,"F10","ACTB",20.84294,20.87209,0.04122299,"10SJL22",2022,0022-04-01,"7:31","Rural","Heritage", 1.561644,22, 1, 1,"SJL","Late", 0.23068272, 1.23266246,-0.34963619,21.0, 0,4.42,20.65,5.66,6.20,8.13,20.98,67.43,59.20,34, 3060, 3420, 2.6222839,1.836385, 0.7858987,0.5799905, 0.7858987, 1.27452360, 1.5025669,3.861866, 0.53441910, 0.9877546,-0.201451357, 0.0075462506,1.5306827, 0.425713858,91,  5.5217391, 4.083080e-01,-1.181641e+00,-2.172387e-01
"7", 7,"D8",37,"NPY",20.79611,20.85025,0.076565653,"A12","ACTB",21.20170,21.21823,0.02338375,"10TEF22",2022,0022-04-02,"10:02","Rural","Stream",10.684932,11, 0, 2,"TEF","Late",-1.10460257,-0.56970066, 0.46054331,21.3,NA,NA,NA,NA,NA,NA,NA,NA,NA,NA,38400,38760,-0.3679790,1.836385,-2.2043643,4.6087140,-2.2043643,NA, 2.3587185,4.048532, 1.09301580,-2.0290380,-0.106375452, 0.0401715855,0.1953974,-1.632719692,92,  6.5217391,-1.108871e+00, 1.646030e+00, 1.080555e-01
"8", 8,"C4",38,"NPY",23.50457,23.50592,0.001911107,"E12","ACTB",21.54803,21.47691,0.10057384,"01SJL22",2022,0022-03-15,"8:14","Rural","Stream", 5.424658,36, 0, 0,"SJL","Late",-0.53951341, 0.58210423,-0.09871253,NA,NA,NA,NA,NA,NA,NA,NA,NA,NA,37, 3120, 3360, 2.0290146,1.836385, 0.1926294,0.8750095, 0.1926294, 0.95601735, 1.4377667,2.602033,-0.11413004, 0.3000889,-0.836956335, 0.4781893057,0.7604866,-0.273796801,74,-11.4782609,-4.958450e-01,-1.172968e-01,-7.031420e-02
"9", 9,"E10",39,"NPY",22.68840,22.79556,0.151537135,"G12","ACTB",20.19307,20.16293,0.04261620,"04IJV22",2022,0022-03-27,"7:42","Urban","Radford", 2.260274,36, 0, 0,"IJV","Late",-0.08926823, 1.24149130,-0.29369176,20.7, 2,5.43,22.83,5.16,6.98,7.05,22.30,12.47,71.42,48,29520,  600, 2.6326256,1.836385, 0.7962404,0.5758479, 0.7962404, 2.26925169, 2.5774952,5.272064, 1.86309607, 1.1551213, 0.241575007,-0.2611180051,1.2107318, 0.191224945,86,  0.5217391,-9.804764e-03,-1.090085e+00,-3.013095e-01
"10",10,"D10",40,"NPY",22.26202,22.46072,0.280992031,"G2","ACTB",21.86030,21.80981,0.07141227,"12SJL22",2022,0022-04-02,"9:48","Urban","North VT", 3.684932,30, 0, 1,"SJL","Late",-0.20029083, 0.91678393,-0.08834164,21.2, 0,4.22,22.74,5.14,6.32,8.11,20.05,65.01,67.39,33, 3060, 3540, 0.6509094,1.836385,-1.1854758,2.2743839,-1.1854758, 0.98514639,NA,3.392664, 0.47326433,-1.0103009,-0.545564807, 0.0050111367,1.0997092, 0.095045754,92,  6.5217391,-1.311595e-01,-5.790079e-01,-3.001228e-01
"11",11,"D4",41,"NPY",21.93394,21.92474,0.013013599,"B8","ACTB",19.86290,19.87733,0.02040986,"11IJV22",2022,0022-04-02,"10:02","Urban","South VT", 3.726027,36, 0, 0,"IJV","Late",-0.29782336, 0.93606093,-0.20337670,20.5, 1,4.09,24.12,6.61,7.44,8.73,24.01,60.69,62.87,37, 3720, 4140, 2.0474167,1.836385, 0.2110315,0.8639193, 0.2110315, 3.69378362, 3.4239212,5.087263, 2.54604810, 0.6909177,-0.438311677,-0.1219624005,1.0021766, 0.002174275,92,  6.5217391,-2.349402e-01,-6.394866e-01,-1.943117e-01
"12",12,"D12",43,"NPY",21.85676,21.77939,0.109409176,"G4","ACTB",20.60062,20.59311,0.01062640,"11SJL22",2022,0022-04-02,"7:17","Urban","Radford", 4.684932,30, 0, 4,"SJL","Late",-0.06752055, 0.62488482, 0.32597697,20.6, 1,5.06,22.60,5.34,6.48,8.09,21.19,65.65,67.95,35, 2820, 3300, 1.1862850,1.836385,-0.6501002,1.5692772,-0.6501002,-2.01341738, 1.3329235,4.042539,-0.21893866,-0.7386860, 1.036331656, 0.2324517568,1.2324795, 0.209027953,92,  6.5217391, 7.649066e-03,-5.225374e-02,-5.355580e-01
"13",13,"F2",44,"NPY",21.14189,21.20466,0.088768683,"B12","ACTB",20.08707,20.07524,0.01672791,"03IJV22",2022,0022-03-25,"9:28","Rural","Heritage", 4.027397,34, 0, 0,"IJV","Late",-0.34070385, 0.87326216,-0.18480725,20.6, 2,5.61,23.20,5.92,6.86,7.66,20.78,62.04,71.88,31, 3480, 3840, 1.1294193,1.836385,-0.7069659,1.6323675,-0.7069659,NA, 2.5876194,4.459489, 1.39230383,-0.4640097, 0.001168335, 0.0432222101,0.9592962,-0.041555441,84, -1.4782609,-2.812298e-01,-5.468400e-01,-1.723122e-01
"14",14,"D2",45,"NPY",24.00633,23.87820,0.181200430,"F6","ACTB",21.57627,21.60914,0.04648292,"07IJV22",2022,0022-03-29,"9:45","Urban","North VT", 2.219178, 6,10, 0,"IJV","Late", 1.20518891,-0.01561869,-1.60086738,18.3, 1,4.35,23.17,6.28,7.32,8.13,22.20,60.25,66.02,43, 3300, 3840, 2.2690582,1.836385, 0.4326730,0.7408878, 0.4326730,NA, 1.5926739,3.537572, 0.32567598, 0.5762067,-0.242765494, 0.2106530233,2.5051889, 0.918364145,88,  2.5217391, 2.129873e+00,-6.016772e-01, 2.074500e+00
"15",15,"F8",46,"NPY",20.31708,20.07660,0.340090662,"F12","ACTB",20.23142,20.37331,0.20067160,"07SJL22",2022,0022-03-26,"7:55","Rural","Heritage", 7.561644,22, 0, 0,"SJL","Late",-0.84357510, 0.13680386, 0.03296175,19.5, 0,2.93,23.02,5.17,6.05,8.73,20.35,64.05,68.68,42, 3660, 4200,-0.2967186,1.836385,-2.1331038,4.3866019,-2.1331038, 0.11782919, 1.8616215,5.080778, 1.26497649,-1.9391924, 0.650571779,-0.5141853442,0.4564249,-0.784331105,85, -0.4782609,-8.240799e-01, 5.396512e-01, 8.568258e-02
"16",16,"H8",47,"NPY",22.87115,22.81089,0.085224301,"C12","ACTB",22.38692,22.35405,0.04648561,"02SJL22",2022,0022-03-16,"10:18","Rural","Stream", 1.876712, 7,12,31,"SJL","Late", 4.35387945,-1.06044539, 1.76168749,NA,NA,NA,NA,NA,NA,NA,NA,NA,NA,32, 2820, 3120, 0.4568405,1.836385,-1.3795447,2.6018624,-1.3795447, 0.27404867, 1.9043194,2.640234, 0.05545738,-1.3240360,-0.684191878, 0.5863219186,5.6538794, 1.732341938,75,-10.4782609, 5.630674e+00, 1.659724e+00,-6.618852e-01
"17",17,"H6",48,"NPY",22.29380,22.13891,0.219050318,"H10","ACTB",19.46879,19.53264,0.09030485,"04TEF22",2022,0022-03-23,"8:46","Rural","Kentland",10.000000,44, 0, 2,"TEF","Late",-1.00714690,-0.42697619, 0.41834001,21.5, 1,4.77,24.42,5.27,5.72,8.70,23.05,62.16,64.47,47, 1620, 2040, 2.6062641,1.836385, 0.7698789,0.5864667, 0.7698789, 2.53016745, 3.8179928,5.706812, 2.56698970, 1.1533235, 0.436731236, 0.0692740713,0.2928531,-1.228084161,82, -3.4782609,-1.003667e+00, 1.435470e+00, 5.805647e-02
"18",18,"F12",50,"NPY",24.42573,24.21345,0.300209642,"G4","ACTB",21.58335,21.59744,0.01991894,"07TEF22",2022,0022-03-28,"8:01","Urban","North VT", 2.534247,19, 2, 0,"TEF","Late", 0.12947147, 0.93126682,-0.53773912,19.5, 0,5.46,21.96,5.41,5.98,9.15,21.58,57.93,62.02,37, 3480, 3840, 2.6160126,1.836385, 0.7796274,0.5825172, 0.7796274, 0.28110586,-1.2856449,2.487747,-1.34989615, 0.8638431,-0.706765832,-0.5096334794,1.4294715, 0.357304775,87,  1.5217391, 3.747870e-01,-9.056528e-01, 1.944521e-01
"19",19,"G4",54,"NPY",24.92021,24.91814,0.002925328,"C4","ACTB",22.59887,22.67015,0.10079368,"05IJV22",2022,0022-03-27,"9:39","Urban","Radford", 7.780822,18, 0, 0,"IJV","Late",-0.87476091, 0.09113203, 0.04646680,21.0, 0,3.57,24.59,5.69,6.74,7.36,21.83,63.43,64.00,35,  840, 1140, 2.2479992,1.836385, 0.4116140,0.7517819, 0.4116140,NA,-2.6228736,1.487678,-3.25426973, 0.1260387, 0.008502516,-0.1490761625,0.4252391,-0.855103704,86,  0.5217391,-8.577450e-01, 6.070305e-01, 1.016822e-01
"20",20,"G6",55,"NPY",24.77576,24.85145,0.107036814,"D12","ACTB",21.69649,21.55126,0.20538665,"09SJL22",2022,0022-03-27,"7:34","Urban","Radford", 1.958904, 9, 2, 1,"SJL","Late", 0.30301941, 1.02331492,-0.45562263,18.5, 0,NA,25.58,4.90,6.85,8.58,21.09,63.37,67.92,33, 2940, 3420, 3.3001938,1.836385, 1.4638086,0.3625348, 1.4638086,-2.27817263, 0.7852665,3.629667,-0.94010042, 1.3051254, 1.098417193, 0.4742829798,1.6030194, 0.471888982,86,  0.5217391, 5.606266e-01,-1.009412e+00, 4.964167e-02
"21",21,"F2",58,"NPY",24.92735,25.01655,0.126154617,"A6","ACTB",24.36116,24.36899,0.01107552,"02IJV22",2022,0022-03-22,"9:54","Rural","Kentland",10.643836,32, 0, 0,"IJV","Late",-1.28212560,-0.50545627, 0.22287658,19.5, 2,3.92,21.86,5.59,6.83,8.50,21.30,63.12,74.28,NA,NA,NA, 0.6475582,1.836385,-1.1888270,2.2796732,-1.1888270,-2.35713496,-1.0485424,2.387548,-1.84672727,-1.3477343, 0.086303887,-0.1646982758,0.0178744,-4.024385757,81, -4.4782609,-1.297496e+00, 1.487173e+00, 3.106780e-01
"22",22,"G12",59,"NPY",24.19613,24.17207,0.034037121,"B8","ACTB",22.57282,22.51969,0.07513738,"02TEF22",2022,0022-03-19,"8:00","Urban","South VT", 6.657534,28, 0, 0,"TEF","Late",-0.71493361, 0.32520017,-0.02274660,20.0, 1,3.11,21.86,4.78,5.25,7.94,20.86,63.97,63.63,47, 1140, 1500, 1.6523781,1.836385,-0.1840071,1.1360349,-0.1840071,-3.61062922,-2.2621444,1.455255,-3.19275952,-0.5101160, 0.105151073, 0.0184337535,0.5850664,-0.536029951,78, -7.4782609,-6.852112e-01, 2.617115e-01, 1.968390e-02
"23",23,"H2",60,"NPY",25.99560,26.07116,0.106856085,"B8","ACTB",23.04944,23.08588,0.05153514,"09IJV22",2022,0022-04-01,"9:50","Urban","North VT",NA,NA,NA,NA,NA,"Late",NA,NA,NA,23.0, 3,5.34,24.27,5.81,7.30,9.21,20.24,62.00,66.78,29, 3120, 3420, 2.9852715,1.836385, 1.1488863,0.4509732, 1.1488863,NA,-2.7332462,1.432500,-3.36381148, 0.8667651,-0.013723943,-0.1073603396,NA,NA,91,  5.5217391,-8.905140e-17, 2.841674e-16, 1.176559e-16
