ID,Year,brain.region.hemisphere,brain.region,Count,Total Area,Average Size,%Area,Mean,slide.info
SOSP02,2021,left,IN,1823,1222415793,670551.724,1.21,71.003,_A3_S5_left-1.tif
SOSP03,2021,left,IN,2079,3229300210,1553294.954,3.196,69.484,_A2_S4_left-1.tif
SOSP03,2021,left,PVN,1390,1503973254,1081995.147,1.488,70.929,_A2_S4_left-1.tif
SOSP03,2021,right,PVN,2214,3602563357,1627174.054,3.565,70.102,_A2_S4_right-1.tif
SOSP05,2021,left,IN,1589,1777340195,1118527.499,1.759,70.229,_B21_S5_left-1.tif
SOSP05,2021,left,PVN,2408,2764681414,1148123.511,2.736,68.636,_B21_S5_left-1.tif
SOSP05,2021,right,IN,1450,1529034805,1054506.762,1.513,70.359,_B21_S5_right-1.tif
SOSP05,2021,right,PVN,2167,1900547836,877040.995,1.881,68.374,_B21_S5_right-1.tif
SOSP06,2021,left,IN,4711,8179377112,1736229.487,8.094,67.585,_B3_s5_leIN-1.tif
SOSP06,2021,left,PVN,2411,7436911060,3084575.305,7.359,68.208,_B3_s5_lePVN-1.tif
SOSP06,2021,right,IN,4537,7016815051,1546575.942,6.944,68.032,_B3_s5_right-1.tif
SOSP06,2021,right,PVN,2524,3117433283,1235116.198,3.085,66.876,_B3_s5_right-1.tif
SOSP07,2021,right,IN,2478,9792137106,3951629.179,9.69,67.457,_B24_S5_right-1.tif
SOSP07,2021,left,IN,2862,10190601854,3560657.531,10.084,67.528,_B4_left-1.tif
SOSP07,2021,right,PVN,4204,11455860256,2724990.546,11.337,65.99,_B4_S5_right -1.tif
SOSP07,2021,left,PVN,4036,14075842682,3487572.518,13.929,64.408,_B4_S5_left -1.tif
SOSP08,2021,left,IN,3914,6517474090,1665169.67,6.45,68.476,_B5_s2_left-1.tif
SOSP08,2021,left,PVN,4269,5846762514,1369585.972,5.786,67.5,_B5_s2_left-1.tif
SOSP08,2021,right,IN,3061,3119533415,1019122.318,3.087,68.134,_B5_s2_right-1.tif
SOSP08,2021,right,PVN,4237,8575041643,2023847.449,8.486,67.357,_B5_s2_right-1.tif
SOSP12,2021,left,IN,1602,1653642527,1032236.284,1.636,67.562,_A6_s3_leIN-1.tif
SOSP12,2021,left,PVN,1459,1396376578,957077.846,1.382,68.133,_A6_s3_lePVN-1.tif
SOSP12,2021,right,IN,1425,1860015323,1305273.911,1.841,66.132,_A6_s3_right-1.tif
SOSP12,2021,right,PVN,1566,1916928851,1224092.497,1.897,65.928,_A6_s3_right-1.tif
SOSP13,2021,left,IN,2511,2177415003,867150.539,2.155,69.255,_B3_s1_leIN-1.tif
SOSP13,2021,left,PVN,1812,1292000107,713024.341,1.279,70.04,_B3_s1_lePVN-1.tif
SOSP13,2021,right,IN,2406,1853154897,770222.318,1.834,69.101,_B3_s1_right-1.tif
SOSP13,2021,right,PVN,1997,1315381556,658678.796,1.302,69.811,_B3_s1_right-1.tif
SOSP16,2021,left,IN,2256,2293552200,1016645.479,2.27,67.467,_B4_s5_leIN-1.tif
SOSP16,2021,left,PVN,2152,2269610721,1054651.822,2.246,67.777,_B4_s5_lePVN-1.tif
SOSP16,2021,right,IN,1622,2239088824,1380449.336,2.216,68.463,_B4_s5_right-1.tif
SOSP16,2021,right,PVN,1727,1937160105,1121690.854,1.917,66.29,_B4_s5_right-1.tif
SOSP18,2021,left,IN,1545,1670023545,1080921.388,1.653,66.835,_B4_s2_leIN-1.tif
SOSP18,2021,left,PVN,1120,1146251069,1023438.454,1.134,68.371,_B4_s2_lePVN-1.tif
SOSP18,2021,right,IN,2396,2856597113,1192235.857,2.827,66.072,_B4_s2_right-1.tif
SOSP18,2021,right,PVN,1548,1640551714,1059787.929,1.623,67.07,_B4_s2_right-1.tif
SOSP20,2021,right,PVN,4406,6139100632,1393350.121,6.075,67.954,_A2_s5_right-1.tif
SOSP20,2021,left,IN,4559,7815914593,1714392.321,7.734,68.09,_A2_s5_left4-1.tif
SOSP20,2021,left,PVN,3412,9633787316,2823501.558,9.533,68.774,_A2_s5_left-1.tif
SOSP20,2021,right,IN,3118,3691048846,1183787.314,3.653,68.52,_A2_s5_right-1.tif
SOSP20,2021,left,IN,1996,2556698515,1280911.08,2.53,63.843,_s3_A4_leIN-1.tif
SOSP20,2021,left,PVN,1301,1163122114,894021.609,1.151,67.148,_s3_A4_lePVN-1.tif
SOSP20,2021,right,IN,1976,2598841131,1315203.002,2.572,65.225,_s3_A4_right-1.tif
SOSP20,2021,right,PVN,1254,1148911233,916197.155,1.137,67.416,_s3_A4_right-1.tif
SOSP22,2021,left,IN,575,278197248.6,483821.302,0.275,70.369,_A3_S4_left-1.tif
SOSP22,2021,right,IN,851,739385839.8,868843.525,0.732,69.002,_A3_S4_right-1.tif
SOSP23,2021,left,IN,2503,3060869778,1222880.455,3.029,67.011,_B4_s3_leIN-1.tif
SOSP23,2021,left,PVN,1939,2305172923,1188846.273,2.281,67.143,_B4_s3_lePVN-1.tif
SOSP23,2021,right,IN,2986,4388432091,1469669.153,4.343,65.419,_B4_s3_right-1.tif
SOSP23,2021,right,PVN,2162,2402758975,1111359.378,2.378,66.753,_B4_s3_right-1.tif
SOSP27,2021,left,IN,1793,2105310529,1174183.229,2.083,66.687,_B4_s5_leIN-1.tif
SOSP27,2021,left,PVN,2870,4783046552,1666566.743,4.733,67.524,_B4_s5_lePVN-1.tif
SOSP27,2021,right,IN,1596,2039086427,1277623.074,2.018,66.295,_B4_s5_right-1.tif
SOSP27,2021,right,PVN,2560,4246603277,1658829.405,4.202,67.891,_B4_s5_right-1.tif
SOSP28,2021,left,IN,2583,3871940064,1499008.929,3.832,68.49,_B4_s2_leIN-1.tif
SOSP28,2021,left,PVN,1315,1889767165,1437085.297,1.87,69.274,_B4_s2_lePVN-1.tif
SOSP28,2021,right,IN,2500,3204098657,1281639.463,3.171,68.568,_B4_s2_right-1.tif
SOSP28,2021,right,PVN,1830,2752150634,1503907.45,2.723,69.076,_B4_s2_right-1.tif
SOSP29,2021,left,IN,3991,8823277056,2210793.549,8.731,66.133,_A5_s1_leIN-1.tif
SOSP29,2021,left,PVN,2365,3574001587,1511205.745,3.537,65.631,_A5_s1_lePVN-1.tif
SOSP29,2021,right,IN,3675,9121845563,2482134.847,9.027,65.773,_A5_s1_right-1.tif
SOSP29,2021,right,PVN,2153,3287193804,1526796.936,3.253,65.524,_A5_s1_right-1.tif
01SJL22,2022,left,IN,3481,4584304234,1316950.369,4.537,66.786,_B3_s1_leIN-1.tif
01SJL22,2022,right,IN,4448,6022263387,1353926.121,5.96,67.303,_B3_s1_right-1.tif
01SJL22,2022,right,PVN,1785,1997363840,1118971.339,1.977,66.012,_B3_s2_lePVN-1.tif
01SJL22,2022,right,PVN,1888,1910978482,1012170.806,1.891,66.162,_B3_s2_right-1.tif
02TEF22,2022,left,IN,2467,2556348494,1036217.468,2.53,66.278,_B3_s2_leIN-1.tif
02TEF22,2022,right,IN,2870,3420622081,1191854.384,3.385,66.727,_B3_s2_right-1.tif
02TEF22,2022,right,PVN,1658,1653292505,997160.739,1.636,64.593,_B3_s2_right-1.tif
02TEF22,2022,left,PVN,1937,1818292737,938715.92,1.799,66.793,_B3_s2_lePVN-1.tif
05SJL22,2022,left,IN,2337,2593170783,1109615.226,2.566,67.35,_B4_s1_leIN-1.tif
05SJL22,2022,left,PVN,1942,1952281043,1005294.049,1.932,68.136,_B4_s1_lePVN-1.tif
05SJL22,2022,right,IN,2414,2514275889,1041539.308,2.488,67.498,_B4_s1_right-1.tif
05SJL22,2022,right,PVN,2099,1922879221,916093.007,1.903,68.463,_B4_s1_right-1.tif
05TEF22,2022,left,IN,1059,1118739366,1056411.11,1.107,65.826,_A4_S3_left-1.tif
05TEF22,2022,left,PVN,1725,2062187854,1195471.22,2.041,65.03,_A4_S3_left-1.tif
05TEF22,2022,right,IN,1087,845932449.3,778226.724,0.837,67.32,_A4_S3_right-1.tif
05TEF22,2022,right,PVN,1698,1819482808,1071544.646,1.801,65.556,_A4_S3_right-1.tif
06IJV22,2022,left,IN,139,68464244.59,492548.522,0.068,72.807,_A3_S2_left-1.tif
06IJV22,2022,left,PVN,327,159329878.9,487247.336,0.158,72.474,_A3_S2_left-1.tif
06IJV22,2022,right,PVN,581,364722613.4,627749.765,0.361,71.112,_A3_S2_right-1.tif
07SJL22,2022,left,IN,1873,3206058780,1711723.855,3.173,66.202,_A5_S2_left-1.tif
07SJL22,2022,left,PVN,3754,8939414257,2381303.745,8.846,66.687,_A5_S2_left-1.tif
07SJL22,2022,right,IN,1609,2644063940,1643296.42,2.617,67.325,_A5_S2_right-1.tif
07SJL22,2022,right,PVN,2947,6709565996,2276744.485,6.64,67.805,_A5_S2_right-1.tif
09IJV22,2022,left,IN,883,949538872.4,1075355.461,0.94,68.279,_B3_s3_leIN-1.tif
09IJV22,2022,left,PVN,1314,1543665712,1174783.647,1.528,67.371,_B3_s3_lePVN-1.tif
09IJV22,2022,right,IN,1518,1546535886,1018798.344,1.53,68.05,_B3_s3_right-1.tif
09IJV22,2022,right,PVN,2565,3372809116,1314935.328,3.338,67.938,_B3_s3_right-1.tif
10IJV22,2022,left,IN,1514,2188895717,1445769.958,2.166,67.135,_C3_s3_leIN-1.tif
10IJV22,2022,left,PVN,1868,2068558252,1107365.231,2.047,64.474,_C3_s3_lePVN-1.tif
10IJV22,2022,right,IN,2350,3554610390,1512600.166,3.518,65.998,_C3_s3_right-1.tif
10IJV22,2022,right,PVN,829,964519799.2,1163473.823,0.954,68.166,_C3_s3_right-1.tif
10SJL22,2022,left,IN,2391,2428030541,1015487.47,2.403,69.272,_B3_s4_leIN-1.tif
10SJL22,2022,left,PVN,1640,1448949836,883505.998,1.434,68.883,_B3_s4_lePVN-1.tif
10SJL22,2022,right,IN,2333,2523236442,1081541.552,2.497,68.678,_B3_s4_right-1.tif
10SJL22,2022,right,PVN,1546,1456720317,942251.176,1.442,68.683,_B3_s4_right-1.tif
10TEF22,2022,left,IN,2758,6210295017,2251738.585,6.146,68.85,_B3_s4_leIN-1.tif
10TEF22,2022,left,PVN,1429,1231096328,861508.977,1.218,68.117,_B3_s4_lePVN-1.tif
10TEF22,2022,right,IN,1781,3605293566,2024308.572,3.568,68.396,_B3_s4_right-1.tif
10TEF22,2022,right,PVN,1747,1525534584,873231.016,1.51,68.675,_B3_s4_right-1.tif
11SJL22,2022,left,IN,2631,3719680622,1413789.67,3.681,63.81,_B4_S4_left-1.tif
11SJL22,2022,left,PVN,2902,4656898732,1604720.445,4.608,65.607,_B4_S4_left-1.tif
11SJL22,2022,right,IN,2517,3415651772,1357032.885,3.38,63.909,_B4_S4_right-1.tif
11SJL22,2022,right,PVN,2804,4469987151,1594146.63,4.423,65.53,_B4_S4_right-1.tif
06TEF22,2022,left,IN,3276,5898495712,1800517.617,5.837,67.378,_B4_s3_leIN-1.tif
06TEF22,2022,left,PVN,2166,3033988113,1400733.201,3.002,66.907,_B4_s3_lePVN-1.tif
06TEF22,2022,right,IN,3704,5715574374,1543081.634,5.656,67.383,_B4_s3_right-1.tif
06TEF22,2022,right,PVN,2866,3846808505,1342222.088,3.807,66.587,_B4_s3_right-1.tif