Well,SAMPLE,GENE,ct,ct.mean,ct.sd
F12,3,ACTB,18.15014839,18.19657898,0.065662764
C1,5,ACTB,15.4189949,18.20502663,3.940043926
H8,13,ACTB,18.33967781,18.33135223,0.011775493
H6,18,ACTB,18.4566021,18.46193314,0.007540577
H10,11,ACTB,18.66292381,18.65204239,0.015388657
A4,4,NPY,18.80066299,18.68087006,0.169414148
C12,3,NPY5R,18.76341248,18.72681046,0.051761724
E4,11,NPY5R,19.05628967,19.03309631,0.032800365
C10,2,NPY5R,18.96109581,19.04442978,0.117853381
H10,48,ACTB,19.46878815,19.53264236,0.090304852
C8,1,NPY5R,19.57708931,19.54529572,0.044962931
D6,2,ACTB,19.5336647,19.56471634,0.043914992
G12,17,ACTB,19.71502495,19.62698746,0.124502465
F2,49,ACTB,19.65391922,19.81064224,0.221639827
B8,41,ACTB,19.86289597,19.87732697,0.020409863
E12,41,NPY,19.89749336,19.88790512,0.013558473
D8,7,NPY5R,19.94502449,19.93487167,0.0143596
F10,16,ACTB,19.9676342,19.96055222,0.010014092
D6,6,NPY5R,19.9464035,19.98011589,0.047676515
B12,44,ACTB,20.08706856,20.07524109,0.016727915
F8,46,NPY,20.31707573,20.07659531,0.340090662
B8,31,ACTB,20.11962318,20.11102676,0.012155825
A12,3,NPY,20.10489464,20.12520981,0.028728642
G12,39,ACTB,20.19306564,20.16293144,0.042616196
G6,15,ACTB,20.1911087,20.16890335,0.031403109
F12,46,ACTB,20.2314167,20.3733139,0.200671598
G8,17,NPY,20.30593872,20.39437866,0.125072971
D10,8,NPY5R,20.42177391,20.47159004,0.070450649
E6,33,ACTB,20.55480957,20.5700016,0.021484777
G4,43,ACTB,20.60062218,20.59310913,0.010626401
C6,4,ACTB,20.52020454,20.62051773,0.141865611
C8,7,ACTB,20.55706406,20.62692261,0.098794907
H8,1,ACTB,20.69981384,20.69495392,0.00687432
C8,28,ACTB,20.81090164,20.74119186,0.098583162
E10,14,NPY5R,20.70379257,20.7592392,0.078412019
F6,18,NPY,20.73348236,20.76738548,0.047946256
D8,32,ACTB,20.71311569,20.78430367,0.100674994
C10,6,ACTB,20.74203682,20.83722305,0.134613663
D8,37,NPY,20.79611206,20.85025215,0.076565653
F10,36,ACTB,20.84293747,20.87208557,0.04122299
D2,8,ACTB,21.09604073,21.10422134,0.011567793
F2,44,NPY,21.14189148,21.20466042,0.088768683
H4,28,NPY,21.2886734,21.20524979,0.117978804
A12,37,ACTB,21.2016964,21.2182312,0.023383746
F8,35,ACTB,21.25430679,21.23674393,0.024836294
B6,27,ACTB,21.17493248,21.25666428,0.115587562
B8,7,NPY,21.45040131,21.44886017,0.002178149
E12,38,ACTB,21.54802704,21.47690964,0.100573845
F4,14,ACTB,21.54092979,21.53488922,0.008541312
D12,55,ACTB,21.69648743,21.55125809,0.205386654
A10,13,NPY,21.4710865,21.56652451,0.134969726
G4,50,ACTB,21.58335304,21.59743881,0.019918937
F6,45,ACTB,21.57627296,21.6091423,0.046482917
C6,33,NPY,21.62509727,21.64794159,0.03230539
D12,43,NPY,21.85675812,21.77939415,0.109409176
G2,40,ACTB,21.86030197,21.80980682,0.071412273
A2,2,NPY,21.88918114,21.91082382,0.030608727
D4,41,NPY,21.9339447,21.92474365,0.013013599
D10,1,NPY,21.97762299,21.92843246,0.0695659
D12,27,NPY,22.03148079,22.0840435,0.074334905
H6,48,NPY,22.29379845,22.13890648,0.219050318
F8,29,ACTB,22.0744381,22.19191742,0.166142196
C12,47,ACTB,22.38691902,22.35404968,0.046485614
F8,14,NPY,22.45337486,22.45941544,0.008542661
D10,40,NPY,22.26202393,22.46071625,0.280992031
A4,16,NPY,22.45251656,22.48780441,0.049905915
B8,59,ACTB,22.57281876,22.51968765,0.075137377
B6,6,NPY,22.52500725,22.54304886,0.025516039
E4,31,NPY,22.55603981,22.56341553,0.01042949
C4,54,ACTB,22.59887314,22.67014503,0.100793682
E6,11,NPY,22.7529335,22.75770378,0.006746193
E10,39,NPY,22.68840408,22.79555702,0.151537135
H8,47,NPY,22.87115288,22.8108902,0.085224301
C4,15,NPY,23.02119255,23.02551651,0.006115002
B10,8,NPY,23.03571129,23.06864166,0.04657058
E4,34,ACTB,23.05839729,23.07230759,0.019672126
E6,32,NPY,23.0138092,23.08392715,0.099163108
B8,60,ACTB,23.0494442,23.08588409,0.051535144
D6,36,NPY,23.60733986,23.49436951,0.159765557
C4,38,NPY,23.50457382,23.50592422,0.001911107
D4,35,NPY,23.70158195,23.55954361,0.200871199
E10,43,NPY1R,23.63939476,23.71993065,0.113894947
E8,38,NPY,24.00811005,23.80801773,0.28297326
D2,45,NPY,24.00632858,23.87820053,0.18120043
H6,59,NPY1R,24.208992,24.04929733,0.225843713
G12,59,NPY,24.19613457,24.17206573,0.034037121
C8,16,NPY1R,24.1909256,24.19013214,0.001123466
F12,50,NPY,24.42573166,24.21345139,0.300209642
C4,18,NPY1R,24.35985374,24.24537659,0.161896497
A6,58,ACTB,24.36116028,24.36899185,0.011075517
G10,55,NPY1R,24.48974228,24.41332436,0.10807126
C10,1,NPY1R,24.3543911,24.56645203,0.299898088
D2,3,NPY1R,24.51590157,24.58003426,0.090697318
D4,4,NPY1R,24.80037689,24.64151573,0.2246636
E8,34,NPY,24.65077591,24.65267372,0.002683911
D10,7,NPY1R,24.68883896,24.69216537,0.004705611
C12,2,NPY1R,24.94029999,24.85082245,0.126540348
G6,55,NPY,24.77576447,24.85145187,0.107036814
F4,29,NPY,24.93199921,24.88999939,0.059395362
G4,54,NPY,24.92021179,24.91814423,0.002925328
F2,58,NPY,24.92734528,25.01655006,0.126154617
B6,7,NPY2R,25.14644432,25.20046425,0.076395713
D8,6,NPY1R,25.37918472,25.25598145,0.174235746
A6,13,NPY2R,25.31986618,25.35009384,0.042748369
C4,2,NPY2R,25.43444252,25.41711044,0.02450991
D12,8,NPY1R,25.66209602,25.47239494,0.268277854
F4,46,NPY1R,25.63808441,25.63138199,0.009477309
A10,11,NPY2R,25.66796684,25.67593575,0.011269731
F2,59,AVT3R,25.65056419,25.68380356,0.047008909
A10,32,NPY1R,25.81514359,25.86596298,0.071869478
H8,16,NPY5R,25.85474205,25.91135406,0.080060132
B8,6,NPY2R,26.08753777,26.03976059,0.067567132
H2,60,NPY,25.99559593,26.07115555,0.106856085
C6,14,NPY1R,26.28504372,26.09867477,0.26356414
C2,41,AVTIN1,26.11489105,26.11566162,0.001089749
E4,54,AVT3R,26.31726456,26.3073349,0.014044004
D4,48,AVTIN1,26.242733,26.34181213,0.140120402
F2,59,AVTIN1,26.3051548,26.34605408,0.05784031
A10,16,NPY5R,26.38111305,26.35696411,0.03415041
C2,3,NPY2R,26.266922,26.40904617,0.200992584
C5,1,NPY2R,26.58480263,26.5037384,0.11464078
D8,50,AVTIN1,26.52551842,26.53851128,0.018374678
B12,60,AVTIN1,26.61856079,26.58827972,0.042822547
A6,44,AVTIN1,26.6494236,26.62175369,0.039129809
B4,54,NPY2R,26.62963676,26.62715149,0.003513361
E4,54,AVTIN1,26.70878601,26.65181351,0.080569938
C8,33,NPY1R,26.6392231,26.65630531,0.024157899
A6,31,AVTIN1,26.64453888,26.66446686,0.028182417
D8,50,AVT3R,26.785532,26.66955566,0.164013952
C12,46,AVTIN1,26.94775772,26.78373718,0.231960073
F2,31,NPY5R,26.76211548,26.80968475,0.067274459
A6,59,NPY2R,26.96473885,26.83742332,0.180051342
A6,59,NPY5R,26.84942055,26.86856842,0.027077833
A6,16,NPY1R,26.93914795,26.86880493,0.099481396
B12,50,NPY2R,26.96611214,26.89167404,0.10527271
A4,60,NPY2R,26.91608047,26.93251801,0.023247527
H4,18,NPY5R,26.93959618,26.95238113,0.018080661
C10,38,NPY5R,26.9395771,26.97256851,0.046656899
B12,50,NPY5R,26.94632339,26.97881126,0.045944784
F8,28,NPY5R,26.86917305,26.9847908,0.163509548
C4,50,NPY1R,26.97034264,27.01878357,0.068505824
B4,54,NPY5R,27.04672813,27.05144882,0.00667741
F10,27,NPY2R,26.94172287,27.10267448,0.227619961
H10,15,NPY5R,27.18636322,27.10706329,0.112147033
H4,58,NPY1R,27.20894623,27.15209579,0.080400005
B12,48,NPY1R,27.17843437,27.20304871,0.034808576
B4,8,NPY2R,27.29735756,27.20583916,0.129426569
F10,27,NPY5R,27.0610714,27.24033356,0.253513634
F8,28,NPY2R,27.16422272,27.27148819,0.151694939
E12,32,NPY5R,27.28056717,27.27417946,0.009033587
B2,36,NPY1R,27.0948143,27.28684807,0.271576762
A10,33,AVTIN1,27.36048317,27.39715576,0.051862877
A4,60,NPY5R,27.28712273,27.41201019,0.176618904
C12,44,NPY5R,27.40304947,27.42835617,0.035787731
A4,14,NPY2R,27.61887741,27.43793106,0.255898118
H8,16,NPY2R,27.52893448,27.4803791,0.068667665
B10,39,AVTIN1,27.40971375,27.52356339,0.161006361
D2,43,NPY5R,27.53739166,27.52927399,0.011481476
C10,39,NPY1R,27.58432007,27.57242203,0.016825022
C6,38,NPY1R,27.73945999,27.57316589,0.146244898
A8,32,AVTIN1,27.62262344,27.6006546,0.031069983
E4,36,NPY5R,27.6039772,27.62757683,0.033374909
C6,43,AVTIN1,27.65823936,27.6353054,0.032433517
F6,29,NPY5R,27.72772026,27.70391273,0.033668924
B10,47,NPY1R,27.66365623,27.76833725,0.148039967
E2,60,AVT3R,27.78938675,27.7745018,0.021051845
F6,29,NPY2R,27.64731407,27.79444885,0.208080009
E10,33,NPY5R,27.89199448,27.83371353,0.082423054
D6,41,NPY5R,27.89849091,27.85821533,0.05695961
A12,35,NPY1R,27.83942032,27.858284,0.026678618
F2,31,NPY2R,27.87214851,27.86842918,0.005259927
C6,47,NPY5R,27.81183434,27.88790894,0.107587077
B4,36,AVTIN1,28.05214691,27.9269371,0.177073404
B4,40,NPY1R,27.91340828,27.93519211,0.030806987
B8,38,AVTIN1,27.85978317,27.97322655,0.160433158
D12,38,NPY5R,27.8673439,28.00464439,0.194172218
H4,18,NPY2R,27.96570778,28.01463318,0.069192313
C10,45,NPY5R,28.03515625,28.04034042,0.007331529
E6,35,NPY5R,27.97097969,28.06932449,0.139080554
B2,35,AVTIN1,27.91407394,28.07014656,0.220720008
B2,55,NPY5R,28.0084877,28.07455063,0.093425736
D8,40,NPY5R,28.04681206,28.09609604,0.069696724
C4,48,NPY5R,28.14359856,28.13307953,0.014874803
E2,37,NPY5R,28.10886765,28.16038895,0.072863474
B6,37,AVTIN1,28.15987396,28.16398621,0.005814242
A8,28,NPY1R,28.41856956,28.1690712,0.35284397
E12,32,NPY2R,28.27810097,28.1907196,0.123574562
B12,40,AVTIN1,28.25347137,28.19512558,0.082513414
D2,47,AVTIN1,28.16573715,28.22855759,0.088840164
A8,16,NPY2R,28.17385674,28.24411011,0.099353269
E6,55,AVTIN1,28.13679314,28.26198959,0.177054524
D10,39,NPY5R,28.31906891,28.32862091,0.013507222
C8,46,NPY5R,28.29388237,28.34771729,0.076132715
E6,55,AVT3R,28.33010483,28.40540123,0.106485196
D2,43,NPY2R,28.47095299,28.50591278,0.049440615
A8,45,AVTIN1,28.46457863,28.51068497,0.065204211
H10,15,NPY2R,28.45099258,28.54451942,0.132266924
D10,41,NPY5R,28.6342392,28.56922531,0.091942169
E12,58,AVTIN1,28.51152611,28.64508438,0.188881263
B6,37,AVT4R,28.57108116,28.69447327,0.174501434
D6,41,NPY1R,28.57585335,28.71134949,0.191621825
C8,46,NPY2R,28.88112068,28.81481552,0.093771003
B2,55,NPY2R,28.93136597,28.91640472,0.02115974
E6,35,NPY2R,28.96223259,28.94935989,0.018203393
E4,36,NPY2R,28.85828018,28.95453262,0.136120156
A6,31,AVT4R,29.1355896,29.09059525,0.063632973
D6,41,NPY2R,29.05953217,29.12535095,0.093083173
C12,44,NPY2R,29.35544777,29.24274063,0.159393311
A12,34,AVTIN1,29.2891674,29.26649475,0.032065321
D10,39,NPY2R,29.42762566,29.32030678,0.151771814
D4,48,AVT4R,29.44280052,29.44499969,0.003108751
E10,33,NPY2R,29.22180557,29.44756317,0.319268107
C8,38,NPY2R,29.34683609,29.49455643,0.208906755
C6,43,AVT3R,29.5573101,29.55618286,0.001592814
C8,44,AVT4R,29.69807434,29.64301872,0.0778604
A8,58,NPY5R,29.60946274,29.65016556,0.05756383
C2,41,AVT4R,29.66590881,29.77327728,0.151840597
C10,45,NPY2R,29.65929604,29.78169632,0.173098788
D8,41,NPY2R,29.92165375,29.88112831,0.057311621
C12,46,AVT3R,29.82556725,29.88414574,0.082842499
A8,58,NPY2R,29.85906982,29.90032959,0.05835012
C4,48,NPY2R,29.88807106,29.93051529,0.060026553
A8,32,AVT4R,29.98941422,29.96342087,0.036758795
A10,33,AVT4R,29.88437271,29.99807358,0.160798654
E8,34,NPY5R,29.9580822,30.01553917,0.081256427
E4,54,AVT4R,30.02765656,30.01948929,0.01155026
C6,43,AVT4R,30.14032745,30.10556412,0.049164131
E2,37,NPY2R,29.93490982,30.15682983,0.313840956
D8,50,AVT4R,30.24792099,30.29854584,0.071592994
D12,38,NPY2R,30.13883972,30.37001038,0.326923341
B2,35,AVT4R,30.43555069,30.49171257,0.079424895
F8,59,AVT4R,30.65821457,30.6666832,0.011975099
E12,47,AVT4R,30.77993774,30.73561478,0.062680796
C12,44,AVT3R,30.71169472,30.77559662,0.09036959
B10,39,AVT4R,30.70316124,30.82745552,0.175778657
C12,47,NPY2R,30.7503891,30.83824921,0.124254301
C2,31,AVT3R,31.01291084,30.98852539,0.034486238
F10,60,AVT4R,31.0197525,31.00148964,0.025827589
C12,46,AVT4R,31.05440331,31.00608826,0.068326451
E8,34,NPY2R,31.20680428,31.07962036,0.179865211
B8,38,AVT4R,31.10622597,31.16612244,0.084706396
B4,36,AVT4R,31.20632362,31.21005249,0.005273414
E6,55,AVT4R,31.25260162,31.40717506,0.218599856
D2,47,AVT3R,31.4535408,31.43972778,0.019534558
D10,58,AVT3R,31.64393044,31.57309914,0.100170583
E10,45,AVT4R,31.6032505,31.61741257,0.020029532
B12,40,AVT4R,31.74405289,31.6375351,0.150637552
B8,38,AVT3R,31.9775753,31.74465942,0.329392791
E12,58,AVT4R,31.75389481,31.79865456,0.06329985
B4,36,AVT3R,32.42489243,32.23720169,0.265434772
C10,45,AVT3R,32.65920639,32.48454285,0.247011557
B12,40,AVT3R,32.46569061,32.71138763,0.34747076
B2,35,AVT3R,32.6330452,32.82423401,0.270381808
A12,34,AVT4R,33.50486374,33.35001373,0.218993679
C4,33,AVT3R,33.36095047,33.3517189,0.013055407