Well.x,SAMPLE,GENE.x,ct,ct.mean,ct.sd,Well.y,GENE.y,actb._C,actb.mean,actb.SD,ID,Year,Date,Time,Habitat,Location,Distance..m.,No..Broadcast.Songs,No..soft.songs,Wing.wave,Score.person,TRIAL,mal.agg.score.no.b.PC1,mal.agg.score.no.b.PC2,mal.agg.score.no.b.PC3,mass,fat,cp,head,bill.width,bill.depth,bill.length,tarsus,wing.chord,tail,Playback.exposure..mins.,Sacrifice.Time,Brain.on.Ice,delta.ct,delta.ctmean,dd.ct,RQ,NPY,NPY1R,NPY2R,NPY5R
E4,31,NPY,22.55603981,22.56341553,0.01042949,B8,ACTB,20.11962318,20.11102676,0.012155825,06TEF22,2022,3/27/22,7:50,Urban,Radford,6.575342,35,0,0,TEF,Late,-0.703238935,0.342327108,-0.027810995,NA,NA,NA,NA,NA,NA,NA,NA,NA,NA,71,420,720,2.45238877,1.836385207,0.616003563,0.652475863,0.616003563,,1.177522313,3.805032351
E6,32,NPY,23.0138092,23.08392715,0.099163108,D8,ACTB,20.71311569,20.78430367,0.100674994,08SJL22,2022,3/25/22,9:31,Rural,Heritage,6.39726,20,0,0,SJL,Late,-0.677900462,0.379435472,-0.038783851,20.5,1,3.76,22.9,4.17,6.48,8.24,21.88,62.86,60.51,32,3300,3600,2.29962348,1.836385207,0.463238273,0.725356296,0.463238273,-0.058579587,0.826535823,3.596250151
C6,33,NPY,21.62509727,21.64794159,0.03230539,E6,ACTB,20.55480957,20.5700016,0.021484777,10IJV22,2022,4/2/22,7:50,Urban,South VT,3.917808,34,0,0,IJV,Late,-0.325110944,0.896098072,-0.191559781,20.4,1,5.65,24.1,5.98,6.52,7.68,21.3,62.91,69.75,NA,NA,NA,1.07793999,1.836385207,-0.758445217,1.691666544,-0.758445217,0.946064813,2.297681463,4.370086291
E8,34,NPY,24.65077591,24.65267372,0.002683911,E4,ACTB,23.05839729,23.07230759,0.019672126,06SJL22,2022,3/22/22,10:23,Rural,Kentland,7.438356,29,0,0,SJL,Late,-0.826033076,0.16249427,0.025365158,21,1,2.96,22.12,5.39,6.71,8.46,59.26,63.74,20.5,33,2700,3180,1.58036613,1.836385207,-0.256019077,1.194178978,-0.256019077,,1.427432663,4.049605941
D4,35,NPY,23.70158195,23.55954361,0.200871199,F8,ACTB,21.25430679,21.23674393,0.024836294,05SJL22,2022,3/22/22,7:55,Rural,Kentland,1.493151,25,0,1,SJL,Late,0.111567305,1.373502254,-0.223392182,20.5,0,3.01,24.59,6.02,6.55,8.7,21.59,66.94,68.46,36,2940,3420,2.32279968,1.836385207,0.486414473,0.713796893,0.486414473,1.481301173,1.132735853,3.938954921
D6,36,NPY,23.60733986,23.49436951,0.159765557,F10,ACTB,20.84293747,20.87208557,0.04122299,10SJL22,2022,4/1/22,7:31,Rural,Heritage,1.561644,22,1,1,SJL,Late,0.230682718,1.23266246,-0.349636195,21,0,4.42,20.65,5.66,6.2,8.13,20.98,67.43,59.2,34,3060,3420,2.62228394,1.836385207,0.785898733,0.579990537,0.785898733,1.274523603,1.502566943,3.861865621
D8,37,NPY,20.79611206,20.85025215,0.076565653,A12,ACTB,21.2016964,21.2182312,0.023383746,10TEF22,2022,4/2/22,10:02,Rural,Stream,10.684932,11,0,2,TEF,Late,-1.104602571,-0.569700662,0.460543308,21.3,NA,NA,NA,NA,NA,NA,NA,NA,NA,NA,38400,38760,-0.36797905,1.836385207,-2.204364257,4.608714049,-2.204364257,,2.358718523,4.048532111
C4,38,NPY,23.50457382,23.50592422,0.001911107,E12,ACTB,21.54802704,21.47690964,0.100573845,01SJL22,2022,3/15/22,8:14,Rural,Stream,5.424658,36,0,0,SJL,Late,-0.539513413,0.582104227,-0.098712531,NA,NA,NA,NA,NA,NA,NA,NA,NA,NA,37,3120,3360,2.02901458,1.836385207,0.192629373,0.875009525,0.192629373,0.956017353,1.437766683,2.602033231
E10,39,NPY,22.68840408,22.79555702,0.151537135,G12,ACTB,20.19306564,20.16293144,0.042616196,04IJV22,2022,3/27/22,7:42,Urban,Radford,2.260274,36,0,0,IJV,Late,-0.089268229,1.241491301,-0.293691756,20.7,2,5.43,22.83,5.16,6.98,7.05,22.3,12.47,71.42,48,29520,600,2.63262558,1.836385207,0.796240373,0.575847869,0.796240373,2.269251693,2.577495233,5.272063831
D10,40,NPY,22.26202393,22.46071625,0.280992031,G2,ACTB,21.86030197,21.80980682,0.071412273,12SJL22,2022,4/2/22,9:48,Urban,North VT,3.684932,30,0,1,SJL,Late,-0.200290832,0.916783934,-0.088341637,21.2,0,4.22,22.74,5.14,6.32,8.11,20.05,65.01,67.39,33,3060,3540,0.65090943,1.836385207,-1.185475777,2.274383877,-1.185475777,0.985146393,,3.392663581
D4,41,NPY,21.9339447,21.92474365,0.013013599,B8,ACTB,19.86289597,19.87732697,0.020409863,11IJV22,2022,4/2/22,10:02,Urban,South VT,3.726027,36,0,0,IJV,Late,-0.297823357,0.936060925,-0.203376704,20.5,1,4.09,24.12,6.61,7.44,8.73,24.01,60.69,62.87,37,3720,4140,2.04741668,1.836385207,0.211031473,0.863919341,0.211031473,3.693783623,3.423921233,5.087262721
D12,43,NPY,21.85675812,21.77939415,0.109409176,G4,ACTB,20.60062218,20.59310913,0.010626401,11SJL22,2022,4/2/22,7:17,Urban,Radford,4.684932,30,0,4,SJL,Late,-0.067520551,0.624884822,0.325976969,20.6,1,5.06,22.6,5.34,6.48,8.09,21.19,65.65,67.95,35,2820,3300,1.18628502,1.836385207,-0.650100187,1.56927717,-0.650100187,-2.013417377,1.332923543,4.042539221
F2,44,NPY,21.14189148,21.20466042,0.088768683,B12,ACTB,20.08706856,20.07524109,0.016727915,03IJV22,2022,3/25/22,9:28,Rural,Heritage,4.027397,34,0,0,IJV,Late,-0.340703851,0.873262156,-0.184807254,20.6,2,5.61,23.2,5.92,6.86,7.66,20.78,62.04,71.88,31,3480,3840,1.12941933,1.836385207,-0.706965877,1.632367483,-0.706965877,,2.587619433,4.459489441
D2,45,NPY,24.00632858,23.87820053,0.18120043,F6,ACTB,21.57627296,21.6091423,0.046482917,07IJV22,2022,3/29/22,9:45,Urban,North VT,2.219178,6,10,0,IJV,Late,1.205188912,-0.015618693,-1.600867382,18.3,1,4.35,23.17,6.28,7.32,8.13,22.2,60.25,66.02,43,3300,3840,2.26905823,1.836385207,0.432673023,0.740887797,0.432673023,,1.592673913,3.537572481
F8,46,NPY,20.31707573,20.07659531,0.340090662,F12,ACTB,20.2314167,20.3733139,0.200671598,07SJL22,2022,3/26/22,7:55,Rural,Heritage,7.561644,22,0,0,SJL,Late,-0.843575097,0.136803864,0.032961751,19.5,0,2.93,23.02,5.17,6.05,8.73,20.35,64.05,68.68,42,3660,4200,-0.29671859,1.836385207,-2.133103797,4.386601945,-2.133103797,0.117829193,1.861621513,5.080777751
H8,47,NPY,22.87115288,22.8108902,0.085224301,C12,ACTB,22.38691902,22.35404968,0.046485614,02SJL22,2022,3/16/22,10:18,Rural,Stream,1.876712,7,12,31,SJL,Late,4.353879454,-1.060445391,1.761687489,NA,NA,NA,NA,NA,NA,NA,NA,NA,NA,32,2820,3120,0.45684052,1.836385207,-1.379544687,2.601862437,-1.379544687,0.274048673,1.904319423,2.640233621
H6,48,NPY,22.29379845,22.13890648,0.219050318,H10,ACTB,19.46878815,19.53264236,0.090304852,04TEF22,2022,3/23/22,8:46,Rural,Kentland,10,44,0,2,TEF,Late,-1.007146903,-0.426976186,0.418340012,21.5,1,4.77,24.42,5.27,5.72,8.7,23.05,62.16,64.47,47,1620,2040,2.60626412,1.836385207,0.769878913,0.586466695,0.769878913,2.530167453,3.817992823,5.706811531
F12,50,NPY,24.42573166,24.21345139,0.300209642,G4,ACTB,21.58335304,21.59743881,0.019918937,07TEF22,2022,3/28/22,8:01,Urban,North VT,2.534247,19,2,0,TEF,Late,0.129471465,0.931266819,-0.537739123,19.5,0,5.46,21.96,5.41,5.98,9.15,21.58,57.93,62.02,37,3480,3840,2.61601258,1.836385207,0.779627373,0.58251723,0.779627373,0.281105863,-1.285644877,2.487746811
G4,54,NPY,24.92021179,24.91814423,0.002925328,C4,ACTB,22.59887314,22.67014503,0.100793682,05IJV22,2022,3/27/22,9:39,Urban,Radford,7.780822,18,0,0,IJV,Late,-0.87476091,0.091132032,0.046466805,21,0,3.57,24.59,5.69,6.74,7.36,21.83,63.43,64,35,840,1140,2.2479992,1.836385207,0.411613993,0.751781859,0.411613993,,-2.622873647,1.487678151
G6,55,NPY,24.77576447,24.85145187,0.107036814,D12,ACTB,21.69648743,21.55125809,0.205386654,09SJL22,2022,3/27/22,7:34,Urban,Radford,1.958904,9,2,1,SJL,Late,0.303019411,1.023314918,-0.455622627,18.5,0,NA,25.58,4.9,6.85,8.58,21.09,63.37,67.92,33,2940,3420,3.30019378,1.836385207,1.463808573,0.362534809,1.463808573,-2.278172627,0.785266523,3.629666901
F2,58,NPY,24.92734528,25.01655006,0.126154617,A6,ACTB,24.36116028,24.36899185,0.011075517,02IJV22,2022,3/22/22,9:54,Rural,Kentland,10.643836,32,0,0,IJV,Late,-1.282125602,-0.505456274,0.222876581,19.5,2,3.92,21.86,5.59,6.83,8.5,21.3,63.12,74.28,NA,NA,NA,0.64755821,1.836385207,-1.188826997,2.279673159,-1.188826997,-2.357134957,-1.048542367,2.387548071
G12,59,NPY,24.19613457,24.17206573,0.034037121,B8,ACTB,22.57281876,22.51968765,0.075137377,02TEF22,2022,3/19/22,8:00,Urban,South VT,6.657534,28,0,0,TEF,Late,-0.714933615,0.325200171,-0.022746599,20,1,3.11,21.86,4.78,5.25,7.94,20.86,63.97,63.63,47,1140,1500,1.65237808,1.836385207,-0.184007127,1.136034877,-0.184007127,-3.610629217,-2.262144437,1.455255131
H2,60,NPY,25.99559593,26.07115555,0.106856085,B8,ACTB,23.0494442,23.08588409,0.051535144,09IJV22,2022,4/1/22,9:50,Urban,North VT,NA,NA,NA,NA,NA,Late,NA,NA,NA,23,3,5.34,24.27,5.81,7.3,9.21,20.24,62,66.78,29,3120,3420,2.98527146,1.836385207,1.148886253,0.450973244,1.148886253,,-2.733246187,1.432500461
D10,1,NPY,21.97762299,21.92843246,0.0695659,H8,ACTB,20.69981384,20.69495392,0.00687432,SOSP01,2021,3/13/21,NA,Urban,NVT,NA,NA,NA,NA,NA,NA,NA,NA,NA,NA,NA,NA,NA,NA,NA,NA,NA,NA,NA,NA,NA,10 mins,1.23347854,1.836385207,-0.602906667,1.518773432,-0.602906667,-1.268740787,-0.771095627,-4.043283839
A2,2,NPY,21.88918114,21.91082382,0.030608727,D6,ACTB,19.5336647,19.56471634,0.043914992,SOSP02,2021,3/13/21,7:15,Urban,NVT,NA,NA,NA,NA,NA,NA,NA,NA,NA,NA,NA,NA,NA,NA,NA,NA,NA,NA,NA,NA,NA,7:24,2.34610748,1.836385207,0.509722273,0.702357633,0.509722273,0.145867213,-0.727486007,-3.413912199
A12,3,NPY,20.10489464,20.12520981,0.028728642,F12,ACTB,18.15014839,18.19657898,0.065662764,SOSP03,2021,3/13/21,8:08,Urban,SVT,NA,NA,NA,NA,NA,NA,NA,NA,NA,NA,NA,NA,NA,NA,NA,NA,NA,NA,NA,NA,NA,8:15,1.92863083,1.836385207,0.092245623,0.938061475,0.092245623,1.243216383,1.632587083,-2.363394159
A4,4,NPY,18.80066299,18.68087006,0.169414148,C6,ACTB,20.52020454,20.62051773,0.141865611,SOSP04,2021,3/13/21,8:40,Urban,SVT,NA,NA,NA,NA,NA,NA,NA,NA,NA,NA,NA,NA,NA,NA,NA,NA,NA,NA,NA,4,8:44,8:50,-1.93964767,1.836385207,-3.776032877,13.69932474,-3.776032877,-1.119240897,,
B6,6,NPY,22.52500725,22.54304886,0.025516039,C10,ACTB,20.74203682,20.83722305,0.134613663,SOSP06,2021,3/14/21,7:54,Rural,Stream,NA,NA,NA,NA,NA,NA,NA,NA,NA,NA,NA,NA,NA,NA,NA,NA,NA,NA,NA,3,7:57,8:00,1.70582581,1.836385207,-0.130559397,1.09471809,-0.130559397,-0.721480497,-1.377342567,13.46117835
B8,7,NPY,21.45040131,21.44886017,0.002178149,C8,ACTB,20.55706406,20.62692261,0.098794907,SOSP07,2021,3/14/21,8:07,Rural,Stream,NA,NA,NA,NA,NA,NA,NA,NA,NA,NA,NA,NA,NA,NA,NA,NA,NA,NA,NA,3,8:10,8:17,0.82193756,1.836385207,-1.014447647,2.020129315,-1.014447647,-1.074996137,-2.006338467,12.00594101
B10,8,NPY,23.03571129,23.06864166,0.04657058,D2,ACTB,21.09604073,21.10422134,0.011567793,SOSP08,2021,3/14/21,9:08,Rural,Stream,NA,NA,NA,NA,NA,NA,NA,NA,NA,NA,NA,NA,NA,NA,NA,NA,NA,NA,NA,2,9:10,9:15,1.96442032,1.836385207,0.128035113,0.915076896,0.128035113,-0.772065297,-0.478262287,11.52150231
E6,11,NPY,22.7529335,22.75770378,0.006746193,H10,ACTB,18.66292381,18.65204239,0.015388657,SOSP11,2021,3/16/21,9:45,Rural,Hert,NA,NA,NA,NA,NA,NA,NA,NA,NA,NA,NA,NA,NA,NA,NA,NA,NA,NA,NA,3,9:48,9:53,4.10566139,1.836385207,2.269276183,0.207433932,2.269276183,,0.444013253,5.70636377
A10,13,NPY,21.4710865,21.56652451,0.134969726,H8,ACTB,18.33967781,18.33135223,0.011775493,SOSP13,2021,3/17/21,7:08,Rural,Kent,NA,NA,NA,NA,NA,NA,NA,NA,NA,NA,NA,NA,NA,NA,NA,NA,NA,NA,NA,3,7:11,7:16,3.23517228,1.836385207,1.398787073,0.379247855,1.398787073,,0.438861503,
F8,14,NPY,22.45337486,22.45941544,0.008542661,F4,ACTB,21.54092979,21.53488922,0.008541312,SOSP14,2021,3/17/21,7:19,Rural,Kent,NA,NA,NA,NA,NA,NA,NA,NA,NA,NA,NA,NA,NA,NA,NA,NA,NA,NA,NA,3,7:22,7:27,0.92452622,1.836385207,-0.911858987,1.881468306,-0.911858987,-0.576453347,-0.676838267,12.72219464
C4,15,NPY,23.02119255,23.02551651,0.006115002,G6,ACTB,20.1911087,20.16890335,0.031403109,SOSP15,2021,3/17/21,7:44,Rural,Kent,NA,NA,NA,NA,NA,NA,NA,NA,NA,NA,NA,NA,NA,NA,NA,NA,NA,NA,NA,4,7:48,7:53,2.85661316,1.836385207,1.020227953,0.493038444,1.020227953,,1.795735963,0.060600172
A4,16,NPY,22.45251656,22.48780441,0.049905915,F10,ACTB,19.9676342,19.96055222,0.010014092,SOSP16,2021,3/17/21,7:57,Rural,Kent,NA,NA,NA,NA,NA,NA,NA,NA,NA,NA,NA,NA,NA,NA,NA,NA,NA,NA,NA,3,8:00,8:05,2.52725219,1.836385207,0.690866983,0.619481463,0.690866983,-0.910658977,0.939946773,3.057176201
G8,17,NPY,20.30593872,20.39437866,0.125072971,G12,ACTB,19.71502495,19.62698746,0.124502465,SOSP17,2021,3/17/21,8:21,Rural,Kent,NA,NA,NA,NA,NA,NA,NA,NA,NA,NA,NA,NA,NA,NA,NA,NA,NA,NA,NA,3,8:24,8:29,0.7673912,1.836385207,-1.068994007,2.09796994,-1.068994007,,,
F6,18,NPY,20.73348236,20.76738548,0.047946256,H6,ACTB,18.4566021,18.46193314,0.007540577,SOSP18,2021,3/20/21,7:33,Urban,Rad,NA,NA,NA,NA,NA,NA,NA,NA,NA,NA,NA,NA,NA,NA,NA,NA,NA,NA,NA,3,7:36,7:41,2.30545234,1.836385207,0.469067133,0.722431581,0.469067133,0.643204553,2.972819933,5.596822351
D12,27,NPY,22.03148079,22.0840435,0.074334905,B6,ACTB,21.17493248,21.25666428,0.115587562,SOSP27,2021,3/22/21,7:58,Rural,Stream,NA,NA,NA,NA,NA,NA,NA,NA,NA,NA,NA,NA,NA,NA,NA,NA,NA,NA,NA,5,8:03,8:06,0.82737922,1.836385207,-1.009005987,2.012523999,-1.009005987,,-0.733869907,3.090043641
H4,28,NPY,21.2886734,21.20524979,0.117978804,C8,ACTB,20.81090164,20.74119186,0.098583162,SOSP28,2021,3/22/21,8:16,Rural,Stream,NA,NA,NA,NA,NA,NA,NA,NA,NA,NA,NA,NA,NA,NA,NA,NA,NA,NA,NA,3,8:19,8:21,0.46405793,1.836385207,-1.372327277,2.588878533,-1.372327277,2.287640443,-0.049583777,3.349973301
F4,29,NPY,24.93199921,24.88999939,0.059395362,F8,ACTB,22.0744381,22.19191742,0.166142196,SOSP29,2021,3/22/21,8:54,Urban,SVT,NA,NA,NA,NA,NA,NA,NA,NA,NA,NA,NA,NA,NA,NA,NA,NA,NA,NA,NA,2,8:56,8:58,2.69808197,1.836385207,0.861696763,0.55030496,0.861696763,,-0.977348677,2.618369671